rnti,block_size,timestamp,UL/DL,delta
0x4fa1,452,16:34:35.367415,1,0
0x4fa1,26,16:34:35.368582,1,1.3506944451791E-08
0x4fa1,26,16:34:35.377519,1,1.0343750000974E-07
0x4fa1,26,16:34:35.385626,1,9.38310185105706E-08
0x4fa1,26,16:34:35.390559,1,5.70949073575022E-08
0x4fa1,2139,16:34:35.408563,1,2.08379629662581E-07
0x4fa1,822,16:34:35.409856,1,1.49652777947651E-08
0x4fa1,26,16:34:35.441550,1,3.66828703746158E-07
0x4fa1,1779,16:34:35.448497,1,8.04050924729793E-08
0x4fa1,26,16:34:35.478572,1,3.4809027782412E-07
0x4fa1,1635,16:34:35.486496,1,9.1712963001811E-08
0x4fa1,1350,16:34:35.487650,1,1.33564814763787E-08
0x4fa1,1254,16:34:35.494603,1,8.04745370341919E-08
0x4fa1,1923,16:34:35.496664,1,2.38541666419678E-08
0x4fa1,1158,16:34:35.497897,1,1.42708334038844E-08
0x4fa1,1494,16:34:35.521522,1,2.7343749997577E-07
0x4fa1,1494,16:34:35.522659,1,1.31597222008395E-08
0x4fa1,26,16:34:35.531637,1,1.03912036975018E-07
0x4fa1,886,16:34:35.537419,1,6.69212963932964E-08
0x4fa1,1398,16:34:35.544499,1,8.19444444521977E-08
0x4fa1,1995,16:34:35.547435,1,3.3981481406542E-08
0x4fa1,1995,16:34:35.548649,1,1.40509258672594E-08
0x4fa1,26,16:34:35.549663,1,1.17361111939829E-08
0x4fa1,636,16:34:35.558543,1,1.02777777732932E-07
0x4fa1,1494,16:34:35.562530,1,4.61458333766984E-08
0x4fa1,1494,16:34:35.564360,1,2.11805555316857E-08
0x4fa1,1707,16:34:35.579762,1,1.78263888872543E-07
0x4fa1,588,16:34:35.580966,1,1.39351852279646E-08
0x4fa1,2688,16:34:35.583609,1,3.05902777553158E-08
0x4fa1,1707,16:34:35.587500,1,4.50347222846759E-08
0x4fa1,1494,16:34:35.595521,1,9.28356481688653E-08
0x4fa1,1302,16:34:35.596684,1,1.34606480406418E-08
0x4fa1,1635,16:34:35.604519,1,9.06828704350104E-08
0x4fa1,822,16:34:35.605757,1,1.43287036680206E-08
0x4fa1,1398,16:34:35.606667,1,1.05324073906843E-08
0x4fa1,2067,16:34:35.619467,1,1.48148148193528E-07
0x4fa1,1542,16:34:35.620617,1,1.33101851762518E-08
0x4fa1,1542,16:34:35.628521,1,9.14814815011766E-08
0x4fa1,1110,16:34:35.629535,1,1.17361110829606E-08
0x4fa1,1779,16:34:35.630646,1,1.28587962500148E-08
0x4fa1,1542,16:34:35.631898,1,1.4490740829487E-08
0x4fa1,588,16:34:35.636527,1,5.35763888809271E-08
0x4fa1,2067,16:34:35.637445,1,1.0624999990938E-08
0x4fa1,1635,16:34:35.638661,1,1.40740740173229E-08
0x4fa1,1635,16:34:35.639793,1,1.31018519367032E-08
0x4fa1,1494,16:34:35.641020,1,1.42013888426717E-08
0x4fa1,1046,16:34:35.642055,1,1.19791666586266E-08
0x4fa1,660,16:34:35.642986,1,1.07754629663503E-08
0x4fa1,1494,16:34:35.644522,1,1.77777778054278E-08
0x4fa1,300,16:34:35.645595,1,1.24189815098319E-08
0x4fa1,1635,16:34:35.646562,1,1.11921295564699E-08
0x4fa1,216,16:34:35.647716,1,1.33564814763787E-08
0x4fa1,1635,16:34:35.655626,1,9.15509259513669E-08
0x4fa1,1494,16:34:35.656905,1,1.4803240744321E-08
0x4fa1,588,16:34:35.657896,1,1.14699073572311E-08
0x4fa1,1635,16:34:35.663921,1,6.97337962929367E-08
0x4fa1,1254,16:34:35.665573,1,1.91203703980847E-08
0x4fa1,180,16:34:35.667057,1,1.71759259037785E-08
0x4fa1,1350,16:34:35.668205,1,1.32870371372107E-08
0x4fa1,1350,16:34:35.669666,1,1.6909722178049E-08
0x4fa1,516,16:34:35.671072,1,1.62731480513045E-08
0x4fa1,1254,16:34:35.675548,1,5.1805555623119E-08
0x4fa1,180,16:34:35.676978,1,1.6550925963088E-08
0x4fa1,1046,16:34:35.682289,1,6.14699073864244E-08
0x4fa1,1254,16:34:35.683935,1,1.90509259478944E-08
0x4fa1,1350,16:34:35.685514,1,1.82754629207693E-08
0x4fa1,1206,16:34:35.687831,1,2.68171296280428E-08
0x4fa1,588,16:34:35.848447,1,1.85898148141739E-06
0x4fa1,420,16:34:36.036534,1,2.17693287041243E-06
0x4fa1,1206,16:34:36.070544,1,3.93634259299169E-07
0x4fa1,500,16:34:36.078491,1,9.19791666165182E-08
0x4fa1,1995,16:34:36.078507,1,1.85185200507476E-10
0x4fa1,404,16:34:36.117417,1,4.50347222291647E-07
0x4fa1,564,16:34:36.118573,1,1.33796296264421E-08
0x4fa1,2784,16:34:36.157604,1,4.5174768514844E-07
0x4fa1,128,16:34:36.159014,1,1.63194444624537E-08
0x4fa1,26,16:34:36.159744,1,8.44907399599748E-09
0x4fa1,2880,16:34:36.165523,1,6.68865741682012E-08
0x4fa1,2307,16:34:36.168080,1,2.95949074136104E-08
0x4fa1,636,16:34:36.169340,1,1.45833333187184E-08
0x4fa1,22,16:34:36.176541,1,8.33449074200132E-08
0x4fa1,2400,16:34:36.192452,1,1.84155092619598E-07
0x4fa1,22,16:34:36.202491,1,1.16192129584469E-07
0x4fa1,1779,16:34:36.209586,1,8.21180554666512E-08
0x4fa1,1707,16:34:36.214447,1,5.62615741772632E-08
0x4fa1,404,16:34:36.215651,1,1.39351851169423E-08
0x4fa1,404,16:34:36.216593,1,1.09027777916992E-08
0x4fa1,1494,16:34:36.217730,1,1.31597222008395E-08
0x4fa1,790,16:34:36.218964,1,1.42824074789161E-08
0x4fa1,1779,16:34:36.219887,1,1.06828703660966E-08
0x4fa1,1587,16:34:36.221053,1,1.34953703767593E-08
0x4fa1,1923,16:34:36.222331,1,1.4791666558267E-08
0x4fa1,128,16:34:36.223643,1,1.51851852203677E-08
0x4fa1,1923,16:34:36.226632,1,3.4594907383223E-08
0x4fa1,1046,16:34:36.227807,1,1.35995371630671E-08
0x4fa1,26,16:34:36.229457,1,1.90972221369989E-08
0x4fa1,1923,16:34:36.233550,1,4.73726852190381E-08
0x4fa1,1046,16:34:36.234888,1,1.54861110601701E-08
0x4fa1,1398,16:34:36.244522,1,1.11504629640713E-07
0x4fa1,1398,16:34:36.256560,1,1.39328703796515E-07
0x4fa1,1398,16:34:36.258577,1,2.33449073405723E-08
0x4fa1,2400,16:34:36.268114,1,1.10381944473659E-07
0x4fa1,2307,16:34:36.270013,1,2.19791667088742E-08
0x4fa1,2067,16:34:36.271820,1,2.09143518059562E-08
0x4fa1,2400,16:34:36.277095,1,6.10532406852826E-08
0x4fa1,2307,16:34:36.278950,1,2.14699074074787E-08
0x4fa1,168,16:34:36.526491,1,2.86505787039371E-06
0x4fa1,47,16:34:36.526510,1,2.19907425602628E-10
0x4fa1,1014,16:34:36.598484,1,8.33032407387968E-07
0x4fa1,548,16:34:36.790641,1,2.22403935190574E-06
0x4fa1,22,16:34:36.808574,1,2.07557870335329E-07
0x4fa1,26,16:34:36.810661,1,2.41550925927925E-08
0x4fa1,22,16:34:36.817578,1,8.00578704440724E-08
0x4fa1,22,16:34:36.826459,1,1.02789351807964E-07
0x4fa1,2067,16:34:36.827493,1,1.19675925835949E-08
0x4fa1,918,16:34:36.828610,1,1.29282407002052E-08
0x4fa1,26,16:34:36.858416,1,3.44976851862633E-07
0x4fa1,1587,16:34:36.867492,1,1.05046296328126E-07
0x4fa1,1587,16:34:36.868527,1,1.19791666586266E-08
0x4fa1,1302,16:34:36.869597,1,1.23842591737144E-08
0x4fa1,26,16:34:36.898607,1,3.35763889025564E-07
0x4fa1,2400,16:34:36.906529,1,9.16898147407252E-08
0x4fa1,532,16:34:36.907949,1,1.64351852127709E-08
0x4fa1,1923,16:34:36.915724,1,8.99884259331074E-08
0x4fa1,1923,16:34:36.917043,1,1.52662037455897E-08
0x4fa1,636,16:34:36.918403,1,1.57407407108678E-08
0x4fa1,854,16:34:36.919289,1,1.02546295899231E-08
0x4fa1,468,16:34:36.920249,1,1.11111111422701E-08
0x4fa1,47,16:34:36.921030,1,9.03935182261506E-09
0x4fa1,26,16:34:36.926419,1,6.23726852388984E-08
0x4fa1,1923,16:34:36.943022,1,1.9216435176439E-07
0x4fa1,388,16:34:36.948030,1,5.7962962984881E-08
0x4fa1,636,16:34:36.949211,1,1.36689815022351E-08
0x4fa1,26,16:34:36.954746,1,6.40624999714845E-08
0x4fa1,1923,16:34:36.962000,1,8.39583333966942E-08
0x4fa1,918,16:34:36.963832,1,2.12037036817492E-08
0x4fa1,82,16:34:36.965146,1,1.52083333704312E-08
0x4fa1,26,16:34:37.405675,1,5.09871527776262E-06
0x4fa1,26,16:34:37.414371,1,1.00648148038118E-07
0x4fa1,26,16:34:37.422504,1,9.41319445724176E-08
0x4fa1,332,16:34:37.514469,1,1.06440972214017E-06
0x4fa1,982,16:34:37.551605,1,4.29814814850715E-07
0x4fa1,1206,16:34:37.597089,1,5.26435185221885E-07
0x4fa1,468,16:34:37.598511,1,1.6458333251812E-08
0x4fa1,26,16:34:37.628197,1,3.43587962969849E-07
0x4fa1,1587,16:34:37.638517,1,1.19444444446337E-07
0x4fa1,3077,16:34:37.644533,1,6.96296296176513E-08
0x4fa1,26,16:34:37.650583,1,7.00231481687297E-08
0x4fa1,26,16:34:37.658644,1,9.32986111701339E-08
0x4fa1,26,16:34:37.660544,1,2.19907406728836E-08
0x4fa1,26,16:34:37.667726,1,8.31249999944106E-08
0x4fa1,26,16:34:37.676521,1,1.01793981466258E-07
0x4fa1,372,16:34:37.677506,1,1.14004630180631E-08
0x4fa1,790,16:34:37.679515,1,2.32523148513408E-08
0x4fa1,1206,16:34:37.681627,1,2.44444443575631E-08
0x4fa1,436,16:34:37.682538,1,1.05439815767383E-08
0x4fa1,168,16:34:37.683639,1,1.27430554996977E-08
0x4fa1,1254,16:34:37.688474,1,5.59606482264385E-08
0x4fa1,1707,16:34:37.691794,1,3.84259257746322E-08
0x4fa1,1923,16:34:37.694694,1,3.35648148164225E-08
0x4fa1,564,16:34:37.696261,1,1.8136574131411E-08
0x4fa1,1350,16:34:37.697247,1,1.14120369820725E-08
0x4fa1,1494,16:34:37.698427,1,1.36574075382256E-08
0x4fa1,1398,16:34:37.699705,1,1.4791666558267E-08
0x4fa1,1494,16:34:37.700934,1,1.42245371037575E-08
0x4fa1,588,16:34:37.702286,1,1.56481481106141E-08
0x4fa1,26,16:34:37.714542,1,1.41851851931385E-07
0x4fa1,388,16:34:37.730496,1,1.84652777623917E-07
0x4fa1,1158,16:34:37.731559,1,1.2303240870537E-08
0x4fa1,1206,16:34:37.732754,1,1.38310184416568E-08
0x4fa1,216,16:34:37.733836,1,1.25231481851174E-08
0x4fa1,1350,16:34:37.737615,1,4.37384258811235E-08
0x4fa1,1254,16:34:37.738757,1,1.32175925759981E-08
0x4fa1,1350,16:34:37.752503,1,1.59097222285354E-07
0x4fa1,1350,16:34:37.753399,1,1.03703703402402E-08
0x4fa1,1254,16:34:37.754620,1,1.41319445035037E-08
0x4fa1,1494,16:34:37.756218,1,1.84953703463719E-08
0x4fa1,708,16:34:37.757453,1,1.42939814429255E-08
0x4fa1,1254,16:34:37.762465,1,5.80092592850079E-08
0x4fa1,790,16:34:37.767450,1,5.76967592591515E-08
0x4fa1,2067,16:34:37.777437,1,1.15590277793842E-07
0x4fa1,2067,16:34:37.785504,1,9.33680555093019E-08
0x4fa1,1707,16:34:37.791548,1,6.99537037185394E-08
0x4fa1,248,16:34:37.803523,1,1.38599537069517E-07
0x4fa1,1587,16:34:37.811523,1,9.25925925931992E-08
0x4fa1,452,16:34:37.812550,1,1.18865740583729E-08
0x4fa1,886,16:34:37.816547,1,4.62615741270156E-08
0x4fa1,1158,16:34:37.820256,1,4.29282406289033E-08
0x4fa1,732,16:34:37.820266,1,1.15740861339475E-10
0x4fa1,2139,16:34:37.827502,1,8.3749999935101E-08
0x4fa1,636,16:34:37.837491,1,1.15613425943906E-07
0x4fa1,588,16:34:37.838619,1,1.3055555525554E-08
0x4fa1,1158,16:34:37.846573,1,9.20601852527625E-08
0x4fa1,1923,16:34:37.852564,1,6.93402777418584E-08
0x4fa1,240,16:34:37.853742,1,1.36342592771399E-08
0x4fa1,1014,16:34:37.862560,1,1.02060185191988E-07
0x4fa1,1779,16:34:37.873536,1,1.2703703700101E-07
0x4fa1,2139,16:34:37.887510,1,1.61736111059518E-07
0x4fa1,1779,16:34:37.888557,1,1.21180555590072E-08
0x4fa1,1158,16:34:37.889475,1,1.06250001019603E-08
0x4fa1,1398,16:34:37.898379,1,1.03055555533693E-07
0x4fa1,404,16:34:37.924457,1,3.01828703697105E-07
0x4fa1,732,16:34:37.950720,1,3.03969907355928E-07
0x4fa1,982,16:34:37.959486,1,1.01458333401361E-07
0x4fa1,26,16:34:38.004470,1,5.20648148150116E-07
0x4fa1,26,16:34:38.013542,1,1.04999999916977E-07
0x4fa1,26,16:34:38.021515,1,9.22800926783651E-08
0x4fa1,26,16:34:38.030299,1,1.01666666640909E-07
0x4fa1,26,16:34:38.040384,1,1.16724537035928E-07
0x4fa1,26,16:34:38.072453,1,3.71168981438963E-07
0x4fa1,26,16:34:38.081683,1,1.06828703660966E-07
0x4fa1,26,16:34:38.089635,1,9.20370371026991E-08
0x4fa1,26,16:34:38.098497,1,1.02569444382361E-07
0x4fa1,26,16:34:38.107792,1,1.0758101864905E-07
0x4fa1,1494,16:34:38.250759,1,1.654710648058E-06
0x4fa1,26,16:34:38.270611,1,2.29768518544837E-07
0x4fa1,2400,16:34:38.286528,1,1.84224536958766E-07
0x4fa1,564,16:34:38.288083,1,1.79976852310304E-08
0x4fa1,2880,16:34:38.326470,1,4.44293981494148E-07
0x4fa1,1494,16:34:38.327827,1,1.5706018596795E-08
0x4fa1,26,16:34:38.358455,1,3.54490740650526E-07
0x4fa1,1350,16:34:38.367606,1,1.05914351844483E-07
0x4fa1,1635,16:34:38.367624,1,2.08333350570911E-10
0x4fa1,1635,16:34:38.376525,1,1.03020833308598E-07
0x4fa1,636,16:34:38.379585,1,3.54166667104749E-08
0x4fa1,26,16:34:38.386494,1,7.99652777327964E-08
0x4fa1,2139,16:34:38.402458,1,1.84768518485257E-07
0x4fa1,764,16:34:38.403768,1,1.51620370703043E-08
0x4fa1,2139,16:34:38.416697,1,1.49641203761597E-07
0x4fa1,790,16:34:38.418038,1,1.55208333962875E-08
0x4fa1,2688,16:34:38.432496,1,1.6733796293078E-07
0x4fa1,2688,16:34:38.433725,1,1.42245369927352E-08
0x4fa1,2688,16:34:38.435126,1,1.62152777871682E-08
0x4fa1,2139,16:34:38.436444,1,1.52546295595357E-08
0x4fa1,26,16:34:38.437537,1,1.26504630104662E-08
0x4fa1,1350,16:34:38.442441,1,5.67592592926047E-08
0x4fa1,1494,16:34:38.442455,1,1.62036939421739E-10
0x4fa1,47,16:34:38.443800,1,1.55671296964144E-08
0x4fa1,92,16:34:38.443807,1,8.10185252220208E-11
0x4fa1,1110,16:34:38.449668,1,6.78356482097797E-08
0x4fa1,1398,16:34:38.449682,1,1.62036939421739E-10
0x4fa1,200,16:34:38.451084,1,1.62268518622E-08
0x4fa1,248,16:34:38.451092,1,9.25926002537381E-11
0x4fa1,1158,16:34:38.458004,1,8.00000000689138E-08
0x4fa1,1494,16:34:38.458011,1,8.10185252220208E-11
0x4fa1,1110,16:34:38.459364,1,1.56597221856458E-08
0x4fa1,1254,16:34:38.459370,1,6.94443391680011E-11
0x4fa1,2688,16:34:38.467510,1,9.42129630976396E-08
0x4fa1,240,16:34:38.468886,1,1.59259259113753E-08
0x4fa1,2688,16:34:38.476447,1,8.75115740983645E-08
0x4fa1,216,16:34:38.477698,1,1.4479166643433E-08
0x4fa1,1635,16:34:38.484597,1,7.98495369824792E-08
0x4fa1,2688,16:34:38.492621,1,9.28703703939604E-08
0x4fa1,2139,16:34:38.493948,1,1.53587963458435E-08
0x4fa1,2139,16:34:38.495125,1,1.36226850910859E-08
0x4fa1,2067,16:34:38.496417,1,1.49537037197334E-08
0x4fa1,2139,16:34:38.497506,1,1.26041667103394E-08
0x4fa1,982,16:34:38.498355,1,9.82638892477183E-09
0x4fa1,2307,16:34:38.506495,1,9.4212962875595E-08
0x4fa1,2139,16:34:38.536342,1,3.45451388938933E-07
0x4fa1,1398,16:34:38.538137,1,2.07754630165979E-08
0x4fa1,2067,16:34:38.541865,1,4.3148148054506E-08
0x4fa1,1707,16:34:38.543593,1,1.99999999894729E-08
0x4fa1,500,16:34:38.545105,1,1.75000000046666E-08
0x4fa1,26,16:34:40.310584,1,2.04337847222735E-05
0x4fa1,1494,16:34:40.327540,1,1.96249999917519E-07
0x4fa1,26,16:34:40.358464,1,3.5791666663787E-07
0x4fa1,2688,16:34:40.392467,1,3.93553240773947E-07
0x4fa1,1542,16:34:40.393780,1,1.51967592953994E-08
0x4fa1,2139,16:34:40.395780,1,2.31481481760554E-08
0x4fa1,2307,16:34:40.397003,1,1.41550925425449E-08
0x4fa1,2688,16:34:40.398184,1,1.36689815022351E-08
0x4fa1,2688,16:34:40.399491,1,1.51273148452091E-08
0x4fa1,1707,16:34:40.400828,1,1.54745369851383E-08
0x4fa1,2307,16:34:40.401994,1,1.34953703767593E-08
0x4fa1,1707,16:34:40.403237,1,1.43865740431792E-08
0x4fa1,1587,16:34:40.404392,1,1.33680555514104E-08
0x4fa1,1923,16:34:40.405475,1,1.25347222601491E-08
0x4fa1,1398,16:34:40.406593,1,1.29398148862592E-08
0x4fa1,1110,16:34:40.409285,1,3.11574074318699E-08
0x4fa1,548,16:34:40.410408,1,1.29976851503955E-08
0x4fa1,404,16:34:40.411882,1,1.70601851534613E-08
0x4fa1,1707,16:34:40.412655,1,8.94675922236132E-09
0x4fa1,732,16:34:40.413765,1,1.28472222860054E-08
0x4fa1,1110,16:34:40.414585,1,9.49074074885203E-09
0x4fa1,316,16:34:40.417379,1,3.23379628630605E-08
0x4fa1,256,16:34:40.427498,1,1.17118055587007E-07
0x4fa1,172,16:34:40.428254,1,8.75000005784443E-09
0x4fa1,2139,16:34:40.446554,1,2.11805555538902E-07
0x4fa1,2067,16:34:40.447794,1,1.43518518180841E-08
0x4fa1,404,16:34:40.448879,1,1.25578704102125E-08
0x4fa1,2139,16:34:40.453424,1,5.26041666892851E-08
0x4fa1,2139,16:34:40.454567,1,1.32291666510298E-08
0x4fa1,1707,16:34:40.455691,1,1.30092592254272E-08
0x4fa1,2139,16:34:40.457192,1,1.73726851793177E-08
0x4fa1,452,16:34:40.458397,1,1.39467593029963E-08
0x4fa1,2400,16:34:40.462511,1,4.76157406836819E-08
0x4fa1,1206,16:34:40.463883,1,1.58796296112484E-08
0x4fa1,452,16:34:40.501812,1,4.38993055684733E-07
0x4fa1,854,16:34:40.502938,1,1.30324072644683E-08
0x4fa1,2139,16:34:40.508586,1,6.53703704500686E-08
0x4fa1,636,16:34:40.509696,1,1.28472221749831E-08
0x4fa1,886,16:34:40.530721,1,2.43344907446819E-07
0x4fa1,26,16:34:40.639475,1,1.25872685186046E-06
0x4fa1,22,16:34:40.648490,1,1.04340277751191E-07
0x4fa1,22,16:34:40.657419,1,1.03344907409486E-07
0x4fa1,26,16:34:40.665506,1,9.35995370099363E-08
0x4fa1,26,16:34:40.674557,1,1.04756944452333E-07
0x4fa1,404,16:34:40.854525,1,2.08296296300148E-06
0x4fa1,452,16:34:40.870510,1,1.85011574060923E-07
0x4fa1,26,16:34:40.891551,1,2.43530092647326E-07
0x4fa1,1110,16:34:40.896447,1,5.66666665813287E-08
0x4fa1,232,16:34:40.897510,1,1.23032407595147E-08
0x4fa1,22,16:34:40.899558,1,2.37037036665555E-08
0x4fa1,26,16:34:40.905584,1,6.97453703679685E-08
0x4fa1,982,16:34:40.916628,1,1.27824074103167E-07
0x4fa1,452,16:34:40.937247,1,2.38645833428031E-07
0x4fa1,2139,16:34:40.956410,1,2.21793981403096E-07
0x4fa1,1635,16:34:40.976431,1,2.31724537114175E-07
0x4fa1,332,16:34:40.977493,1,1.22916665734607E-08
0x4fa1,588,16:34:40.977500,1,8.10185252220208E-11
0x4fa1,2688,16:34:40.982590,1,5.89120370264595E-08
0x4fa1,404,16:34:40.983921,1,1.54050926459703E-08
0x4fa1,26,16:34:40.984659,1,8.54166670727352E-09
0x4fa1,732,16:34:40.997407,1,1.47546296291878E-07
0x4fa1,1494,16:34:41.002480,1,5.87152777509203E-08
0x4fa1,1923,16:34:41.024513,1,2.55011573968567E-07
0x4fa1,950,16:34:41.025751,1,1.43287037790429E-08
0x4fa1,2400,16:34:41.029554,1,4.40162036818848E-08
0x4fa1,2307,16:34:41.030908,1,1.56712963716998E-08
0x4fa1,1779,16:34:41.032111,1,1.39236110419105E-08
0x4fa1,268,16:34:41.033191,1,1.25000000350539E-08
0x4fa1,300,16:34:41.033945,1,8.726851907781E-09
0x4fa1,1494,16:34:41.046341,1,1.43472222102758E-07
0x4fa1,316,16:34:41.058546,1,1.41261574104767E-07
0x4fa1,2067,16:34:41.071415,1,1.48946759259694E-07
0x4fa1,2139,16:34:41.076536,1,5.92708333524428E-08
0x4fa1,468,16:34:41.077666,1,1.30787036756175E-08
0x4fa1,188,16:34:41.078507,1,9.7337963245181E-09
0x4fa1,2139,16:34:41.080496,1,2.30208333507065E-08
0x4fa1,2139,16:34:41.081678,1,1.36805555772668E-08
0x4fa1,1398,16:34:41.083694,1,2.33333332655405E-08
0x4fa1,500,16:34:41.084711,1,1.1770833419078E-08
0x4fa1,340,16:34:41.085558,1,9.8032406636861E-09
0x4fa1,1542,16:34:41.128187,1,4.9339120378189E-07
0x4fa1,2067,16:34:41.135921,1,8.9513888856807E-08
0x4fa1,636,16:34:41.137121,1,1.38888888168154E-08
0x4fa1,2400,16:34:41.148485,1,1.31527777780249E-07
0x4fa1,2592,16:34:41.149799,1,1.52083333704312E-08
0x4fa1,2307,16:34:41.151296,1,1.73263888791908E-08
0x4fa1,790,16:34:41.152559,1,1.46180555438136E-08
0x4fa1,26,16:34:41.168440,1,1.83807870368646E-07
0x4fa1,2880,16:34:41.176489,1,9.31597222697533E-08
0x4fa1,2400,16:34:41.177890,1,1.62152777871682E-08
0x4fa1,56,16:34:41.179192,1,1.50694444700505E-08
0x4fa1,2400,16:34:41.184620,1,6.28240740541131E-08
0x4fa1,886,16:34:41.185985,1,1.57986109750041E-08
0x4fa1,268,16:34:41.186939,1,1.10416668031021E-08
0x4fa1,26,16:34:41.194535,1,8.79166666134523E-08
0x4fa1,790,16:34:41.196630,1,2.42476851930462E-08
0x4fa1,1158,16:34:41.197545,1,1.05902777658429E-08
0x4fa1,1494,16:34:41.198594,1,1.21412037090707E-08
0x4fa1,2688,16:34:41.202511,1,4.53356482355005E-08
0x4fa1,2688,16:34:41.203887,1,1.59259259113753E-08
0x4fa1,1110,16:34:41.205115,1,1.42129629177035E-08
0x4fa1,2307,16:34:41.212388,1,8.41782407112746E-08
0x4fa1,300,16:34:41.214498,1,2.4421296318522E-08
0x4fa1,26,16:34:41.221607,1,8.22800926281175E-08
0x4fa1,1446,16:34:41.222498,1,1.03124999650817E-08
0x4fa1,1446,16:34:41.223618,1,1.29629630363226E-08
0x4fa1,452,16:34:41.224651,1,1.19560183975409E-08
0x4fa1,564,16:34:41.236423,1,1.36250000060123E-07
0x4fa1,26,16:34:41.282441,1,5.32615740733711E-07
0x4fa1,26,16:34:41.290524,1,9.35532407098094E-08
0x4fa1,26,16:34:41.299688,1,1.06064814819895E-07
0x4fa1,26,16:34:41.300733,1,1.20949074089438E-08
0x4fa1,26,16:34:41.307536,1,7.87384258904567E-08
0x4fa1,26,16:34:41.351170,1,5.05023148189565E-07
0x4fa1,26,16:34:41.368798,1,2.04027777783722E-07
0x4fa1,26,16:34:41.375326,1,7.55555555898013E-08
0x4fa1,26,16:34:41.383558,1,9.5277777778513E-08
0x4fa1,732,16:34:41.574575,1,2.21084490736878E-06
0x4fa1,822,16:34:41.575630,1,1.2210648159261E-08
0x4fa1,26,16:34:41.610600,1,4.04745370330417E-07
0x4fa1,2139,16:34:41.628614,1,2.08495370412898E-07
0x4fa1,790,16:34:41.629644,1,1.19212962834681E-08
0x4fa1,1046,16:34:41.642439,1,1.48090277818369E-07
0x4fa1,708,16:34:41.642451,1,1.38888789358305E-10
0x4fa1,1707,16:34:41.667723,1,2.92499999998697E-07
0x4fa1,26,16:34:41.706478,1,4.48553240772753E-07
0x4fa1,404,16:34:41.708418,1,2.24537037851746E-08
0x4fa1,404,16:34:41.709607,1,1.37615739914665E-08
0x4fa1,372,16:34:41.710717,1,1.28472222860054E-08
0x4fa1,208,16:34:41.711653,1,1.08333332304866E-08
0x4fa1,404,16:34:41.712441,1,9.12037045885938E-09
0x4fa1,404,16:34:41.713481,1,1.20370370337852E-08
0x4fa1,2592,16:34:41.722498,1,1.04363425901255E-07
0x4fa1,324,16:34:41.724530,1,2.3518518466048E-08
0x4fa1,26,16:34:41.732676,1,9.42824074368076E-08
0x4fa1,2400,16:34:41.748490,1,1.83032407452544E-07
0x4fa1,26,16:34:41.758532,1,1.16226851809564E-07
0x4fa1,2688,16:34:41.767547,1,1.04340277862214E-07
0x4fa1,232,16:34:41.769010,1,1.69328703281124E-08
0x4fa1,2592,16:34:41.773637,1,5.35532407308637E-08
0x4fa1,2688,16:34:41.775165,1,1.7685185205174E-08
0x4fa1,886,16:34:41.777846,1,3.10300924954987E-08
0x4fa1,886,16:34:41.778818,1,1.12500000426508E-08
0x4fa1,886,16:34:41.779704,1,1.02546297009454E-08
0x4fa1,886,16:34:41.780645,1,1.08912036056452E-08
0x4fa1,886,16:34:41.781673,1,1.18981481334046E-08
0x4fa1,300,16:34:41.783635,1,2.27083334358724E-08
0x4fa1,2688,16:34:41.789498,1,6.78587962488209E-08
0x4fa1,216,16:34:41.790677,1,1.36458333521716E-08
0x4fa1,2688,16:34:41.791583,1,1.04861110905574E-08
0x4fa1,26,16:34:41.811454,1,2.2998842597044E-07
0x4fa1,2688,16:34:41.815529,1,4.71643518684672E-08
0x4fa1,404,16:34:41.816894,1,1.57986110860264E-08
0x4fa1,1635,16:34:41.822506,1,6.49537036379044E-08
0x4fa1,2592,16:34:41.823568,1,1.2291666684483E-08
0x4fa1,2688,16:34:41.825633,1,2.39004629420947E-08
0x4fa1,112,16:34:41.827710,1,2.40393518424753E-08
0x4fa1,1494,16:34:41.839528,1,1.3678240740056E-07
0x4fa1,372,16:34:41.849547,1,1.15960648194857E-07
0x4fa1,176,16:34:41.850441,1,1.03472223011991E-08
0x4fa1,2139,16:34:41.877452,1,3.12627314813518E-07
0x4fa1,2139,16:34:41.878671,1,1.4108796242418E-08
0x4fa1,1206,16:34:41.879892,1,1.41319443924814E-08
0x4fa1,192,16:34:41.880856,1,1.1157407442397E-08
0x4fa1,886,16:34:41.881614,1,8.77314809688556E-09
0x4fa1,500,16:34:41.894457,1,1.48645833419891E-07
0x4fa1,500,16:34:41.895485,1,1.18981481334046E-08
0x4fa1,588,16:34:41.902453,1,8.06481481596677E-08
0x4fa1,1542,16:34:41.903599,1,1.3263888876125E-08
0x4fa1,324,16:34:41.918522,1,1.7271990737644E-07
0x4fa1,436,16:34:41.920595,1,2.39930556533707E-08
0x4fa1,436,16:34:41.921565,1,1.1226851781565E-08
0x4fa1,468,16:34:41.922599,1,1.19675925835949E-08
0x4fa1,468,16:34:41.936626,1,1.62349537036199E-07
0x4fa1,1707,16:34:41.937502,1,1.01388889506282E-08
0x4fa1,982,16:34:41.942477,1,5.7581018397812E-08
0x4fa1,2307,16:34:41.943445,1,1.12037037425239E-08
0x4fa1,732,16:34:41.944610,1,1.34837963017276E-08
0x4fa1,732,16:34:41.957378,1,1.47777777792513E-07
0x4fa1,1851,16:34:41.961385,1,4.63773148773328E-08
0x4fa1,2688,16:34:41.962478,1,1.26504628994439E-08
0x4fa1,982,16:34:41.963863,1,1.60300925866608E-08
0x4fa1,340,16:34:41.964886,1,1.1840277758246E-08
0x4fa1,2688,16:34:41.981521,1,1.92534722276427E-07
0x4fa1,26,16:34:42.076765,1,1.10236111106055E-06
0x4fa1,26,16:34:42.085821,1,1.04814814827492E-07
0x4fa1,26,16:34:42.094692,1,1.02673611057647E-07
0x4fa1,26,16:34:42.112085,1,2.01307870484335E-07
0x4fa1,26,16:34:42.147493,1,4.0981481475022E-07
0x4fa1,26,16:34:42.156487,1,1.04097222286548E-07
0x4fa1,26,16:34:42.165498,1,1.04293981451065E-07
0x4fa1,26,16:34:42.182581,1,1.97719907446547E-07
0x4fa1,26,16:34:42.320504,1,1.596331018483E-06
0x4fa1,26,16:34:42.378496,1,6.71203703617174E-07
0x4fa1,790,16:34:42.386467,1,9.22569445283017E-08
0x4fa1,790,16:34:42.388568,1,2.43171296432365E-08
0x4fa1,790,16:34:42.391573,1,3.47800925837305E-08
0x4fa1,790,16:34:42.392477,1,1.0462962940494E-08
0x4fa1,468,16:34:42.393535,1,1.22453703843561E-08
0x4fa1,26,16:34:42.418709,1,2.91365740756611E-07
0x4fa1,2400,16:34:42.426554,1,9.07986110743053E-08
0x4fa1,564,16:34:42.427896,1,1.55324074713192E-08
0x4fa1,2307,16:34:42.435471,1,8.76736110377863E-08
0x4fa1,2400,16:34:42.436765,1,1.49768518697968E-08
0x4fa1,1158,16:34:42.437956,1,1.37847222525522E-08
0x4fa1,2067,16:34:42.464480,1,3.06990740717161E-07
0x4fa1,26,16:34:42.471580,1,8.21759258418098E-08
0x4fa1,2688,16:34:42.477501,1,6.85300927116828E-08
0x4fa1,216,16:34:42.478839,1,1.54861110601701E-08
0x4fa1,2211,16:34:42.486488,1,8.85300925901333E-08
0x4fa1,1851,16:34:42.488555,1,2.39236112031804E-08
0x4fa1,2592,16:34:42.489633,1,1.24768517739682E-08
0x4fa1,1707,16:34:42.490887,1,1.45138888685281E-08
0x4fa1,2880,16:34:42.491999,1,1.28703703250466E-08
0x4fa1,372,16:34:42.493243,1,1.43981482292332E-08
0x4fa1,2880,16:34:42.502654,1,1.08923611130685E-07
0x4fa1,26,16:34:42.504165,1,1.74884258186125E-08
0x4fa1,2139,16:34:42.510478,1,7.30671296800267E-08
0x4fa1,452,16:34:42.511704,1,1.418981476764E-08
0x4fa1,2880,16:34:42.527569,1,1.83622685279161E-07
0x4fa1,2139,16:34:42.544540,1,1.96423611154017E-07
0x4fa1,2139,16:34:42.545820,1,1.48148147083305E-08
0x4fa1,2400,16:34:42.547025,1,1.39467593029963E-08
0x4fa1,2307,16:34:42.548139,1,1.289351847511E-08
0x4fa1,372,16:34:42.550099,1,2.26851851747867E-08
0x4fa1,2307,16:34:42.550938,1,9.71064817445466E-09
0x4fa1,436,16:34:42.552012,1,1.24305555848636E-08
0x4fa1,1587,16:34:42.552685,1,7.7893518302119E-09
0x4fa1,636,16:34:42.553553,1,1.00462962393522E-08
0x4fa1,372,16:34:42.554599,1,1.21064815949978E-08
0x4fa1,1398,16:34:42.558532,1,4.55208333249857E-08
0x4fa1,790,16:34:42.559582,1,1.21527777841024E-08
0x4fa1,404,16:34:42.560607,1,1.18634259083095E-08
0x4fa1,26,16:34:42.586478,1,2.99432870276561E-07
0x4fa1,404,16:34:42.597492,1,1.27476851963237E-07
0x4fa1,372,16:34:42.598409,1,1.06134259159063E-08
0x4fa1,2880,16:34:42.603705,1,6.12962962609487E-08
0x4fa1,2880,16:34:42.605080,1,1.59143518363436E-08
0x4fa1,918,16:34:42.607202,1,2.45601852189026E-08
0x4fa1,612,16:34:42.608102,1,1.04166666403671E-08
0x4fa1,208,16:34:42.608889,1,9.10879638382767E-09
0x4fa1,208,16:34:42.609586,1,8.06712951995081E-09
0x4fa1,26,16:34:42.612476,1,3.34490741771276E-08
0x4fa1,1851,16:34:42.626544,1,1.62824074001477E-07
0x4fa1,564,16:34:42.627695,1,1.33217592512835E-08
0x4fa1,1398,16:34:42.638644,1,1.26724537086176E-07
0x4fa1,300,16:34:42.639669,1,1.18634257972872E-08
0x4fa1,3077,16:34:42.651669,1,1.3888888894531E-07
0x4fa1,732,16:34:42.653025,1,1.56944445217633E-08
0x4fa1,3077,16:34:42.661610,1,9.93634259316423E-08
0x4fa1,3077,16:34:42.662971,1,1.57523147858996E-08
0x4fa1,3077,16:34:42.664457,1,1.71990740538419E-08
0x4fa1,3077,16:34:42.665825,1,1.58333333111216E-08
0x4fa1,1851,16:34:42.667269,1,1.67129630135321E-08
0x4fa1,3077,16:34:42.672701,1,6.28703703542399E-08
0x4fa1,404,16:34:42.677438,1,5.48263888733302E-08
0x4fa1,3077,16:34:42.685559,1,9.39930555610147E-08
0x4fa1,732,16:34:42.687627,1,2.39351851671898E-08
0x4fa1,468,16:34:42.688542,1,1.05902778768652E-08
0x4fa1,216,16:34:42.689532,1,1.14583331711771E-08
0x4fa1,26,16:34:42.691547,1,2.33217594125534E-08
0x4fa1,452,16:34:42.696524,1,5.76041665478755E-08
0x4fa1,176,16:34:42.697570,1,1.21064814839755E-08
0x4fa1,2592,16:34:42.703529,1,6.89699074518657E-08
0x4fa1,26,16:34:42.734560,1,3.59155092555241E-07
0x4fa1,1206,16:34:43.086433,1,4.07260416668276E-06
0x4fa1,268,16:34:43.088149,1,1.98611112001146E-08
0x4fa1,26,16:34:43.111675,1,2.7229166654763E-07
0x4fa1,26,16:34:43.117278,1,6.48495370736413E-08
0x4fa1,26,16:34:43.135343,1,2.09085648128493E-07
0x4fa1,26,16:34:43.288438,1,1.77193287043131E-06
0x4fa1,1851,16:34:43.302563,1,1.63483796278285E-07
0x4fa1,2307,16:34:43.306764,1,4.86226852114413E-08
0x4fa1,2139,16:34:43.308552,1,2.06944443803536E-08
0x4fa1,1398,16:34:43.310162,1,1.86342593577749E-08
0x4fa1,26,16:34:43.420542,1,1.2775462961967E-06
0x4fa1,2688,16:34:43.428705,1,9.44791667123468E-08
0x4fa1,1779,16:34:43.438523,1,1.13634259224504E-07
0x4fa1,300,16:34:43.444577,1,7.00694444688565E-08
0x4fa1,232,16:34:43.459522,1,1.72974537027137E-07
0x4fa1,26,16:34:43.472546,1,1.50740740667565E-07
0x4fa1,2880,16:34:43.476459,1,4.52893519353736E-08
0x4fa1,2139,16:34:43.478832,1,2.7465277829819E-08
0x4fa1,500,16:34:43.490674,1,1.37060185090299E-07
0x4fa1,2784,16:34:43.497440,1,7.83101852253054E-08
0x4fa1,240,16:34:43.512531,1,1.74664351870746E-07
0x4fa1,708,16:34:43.523515,1,1.27129629601264E-07
0x4fa1,1014,16:34:43.535594,1,1.39803240761793E-07
0x4fa1,2211,16:34:43.549533,1,1.61331018433408E-07
0x4fa1,3557,16:34:43.573449,1,2.76805555698978E-07
0x4fa1,26,16:34:43.604410,1,3.58344907303021E-07
0x4fa1,22,16:34:43.626237,1,2.526273148451E-07
0x4fa1,2880,16:34:43.627310,1,1.24189815098319E-08
0x4fa1,564,16:34:43.631543,1,4.89930556124563E-08
0x4fa1,886,16:34:43.632436,1,1.03356481151451E-08
0x4fa1,2400,16:34:43.938481,1,3.54218749987201E-06
0x4fa1,2880,16:34:43.961539,1,2.66875000098921E-07
0x4fa1,26,16:34:43.962893,1,1.56712962606775E-08
0x4fa1,1542,16:34:43.976509,1,1.57592592642253E-07
0x4fa1,1995,16:34:43.985607,1,1.05300925867802E-07
0x4fa1,886,16:34:43.988527,1,3.37962963170568E-08
0x4fa1,2880,16:34:44.022641,1,3.94837962991446E-07
0x4fa1,2139,16:34:44.029461,1,7.89351851659959E-08
0x4fa1,2880,16:34:44.032507,1,3.52546296600309E-08
0x4fa1,26,16:34:44.049696,1,1.98946759288887E-07
0x4fa1,56,16:34:44.051128,1,1.65740740021292E-08
0x4fa1,2307,16:34:44.055647,1,5.23032407384605E-08
0x4fa1,216,16:34:44.149118,1,1.08184027780567E-06
0x4fa1,404,16:34:44.207610,1,6.76990740688943E-07
0x4fa1,26,16:34:44.238576,1,3.58402777900224E-07
0x4fa1,1158,16:34:44.258557,1,2.31261574001884E-07
0x4fa1,886,16:34:44.261587,1,3.50694444595234E-08
0x4fa1,372,16:34:44.292513,1,3.57939814787933E-07
0x4fa1,1542,16:34:44.301520,1,1.04247685150938E-07
0x4fa1,2688,16:34:44.302705,1,1.37152778023619E-08
0x4fa1,1398,16:34:44.304050,1,1.55671295853921E-08
0x4fa1,37,16:34:44.305129,1,1.24884259600222E-08
0x4fa1,1995,16:34:44.308499,1,3.90046296372404E-08
0x4fa1,2688,16:34:44.311527,1,3.504629630946E-08
0x4fa1,790,16:34:44.334512,1,2.66030092621605E-07
0x4fa1,790,16:34:44.341488,1,8.07407406488991E-08
0x4fa1,1350,16:34:44.351622,1,1.17291666712482E-07
0x4fa1,340,16:34:44.355292,1,4.24768518136887E-08
0x4fa1,854,16:34:44.367541,1,1.41770833406163E-07
0x4fa1,324,16:34:44.368560,1,1.17939814581192E-08
0x4fa1,2880,16:34:44.384680,1,1.86574074079182E-07
0x4fa1,1635,16:34:44.386302,1,1.87731481471332E-08
0x4fa1,1635,16:34:44.410474,1,2.79768518463008E-07
0x4fa1,732,16:34:44.417486,1,8.11574074610633E-08
0x4fa1,300,16:34:44.419358,1,2.16666666830179E-08
0x4fa1,1110,16:34:44.427418,1,9.32870369840799E-08
0x4fa1,2784,16:34:44.435573,1,9.43865741120931E-08
0x4fa1,452,16:34:44.463642,1,3.24872685197874E-07
0x4fa1,404,16:34:44.469517,1,6.79976851492015E-08
0x4fa1,1995,16:34:44.472514,1,3.46874999834768E-08
0x4fa1,1542,16:34:44.774646,1,3.49689814815868E-06
0x4fa1,2139,16:34:44.807521,1,3.80497685248393E-07
0x4fa1,2139,16:34:44.827470,1,2.30891203600869E-07
0x4fa1,26,16:34:44.844501,1,1.9711805565592E-07
0x4fa1,2139,16:34:44.847460,1,3.42476851322715E-08
0x4fa1,156,16:34:44.848646,1,1.37268518773936E-08
0x4fa1,1587,16:34:44.867513,1,2.18368055526774E-07
0x4fa1,26,16:34:44.870490,1,3.44560185938647E-08
0x4fa1,1446,16:34:44.887594,1,1.97962962911191E-07
0x4fa1,2880,16:34:44.895515,1,9.16782406656935E-08
0x4fa1,216,16:34:44.963518,1,7.87071759322799E-07
0x4fa1,982,16:34:45.007567,1,5.09826388883639E-07
0x4fa1,156,16:34:45.008633,1,1.23379629846099E-08
0x4fa1,26,16:34:45.162438,1,1.78015046292668E-06
0x4fa1,660,16:34:45.342468,1,2.08368055565344E-06
0x4fa1,1254,16:34:45.377481,1,4.05243055556781E-07
0x4fa1,1014,16:34:45.447469,1,8.10046296262357E-07
0x4fa1,1995,16:34:45.448538,1,1.23726850986827E-08
0x4fa1,26,16:34:45.449663,1,1.30208334114812E-08
0x4fa1,2688,16:34:45.451484,1,2.10763888564003E-08
0x4fa1,2688,16:34:45.488502,1,4.28449074107995E-07
0x4fa1,2880,16:34:45.513574,1,2.90185185103375E-07
0x4fa1,26,16:34:45.528499,1,1.72743055637525E-07
0x4fa1,340,16:34:45.548478,1,2.31238425851821E-07
0x4fa1,636,16:34:45.550556,1,2.40509260285293E-08
0x4fa1,660,16:34:45.573518,1,2.65763888784853E-07
0x4fa1,532,16:34:45.579518,1,6.94444444171438E-08
0x4fa1,356,16:34:45.581472,1,2.26157408356187E-08
0x4fa1,404,16:34:45.582663,1,1.37847222525522E-08
0x4fa1,2307,16:34:45.604564,1,2.53483796286424E-07
0x4fa1,324,16:34:45.704427,1,1.15582175919116E-06
0x4fa1,790,16:34:45.712444,1,9.27893518687384E-08
0x4fa1,790,16:34:45.720721,1,9.5798611043918E-08
0x4fa1,26,16:34:45.764460,1,5.06238425956873E-07
0x4fa1,26,16:34:45.773536,1,1.05046296328126E-07
0x4fa1,26,16:34:45.781534,1,9.25694444431358E-08
0x4fa1,790,16:34:45.783478,1,2.24999999742792E-08
0x4fa1,324,16:34:45.785545,1,2.39236110921581E-08
0x4fa1,26,16:34:45.810921,1,2.93703703690973E-07
0x4fa1,1158,16:34:45.828492,1,2.03368055617936E-07
0x4fa1,1635,16:34:45.828508,1,1.85185200507476E-10
0x4fa1,292,16:34:45.878529,1,5.78946759310917E-07
0x4fa1,420,16:34:45.878543,1,1.62036939421739E-10
0x4fa1,500,16:34:45.882492,1,4.57060185254932E-08
0x4fa1,588,16:34:45.882500,1,9.25926002537381E-11
0x4fa1,152,16:34:45.884630,1,2.46527778191563E-08
0x4fa1,216,16:34:45.884638,1,9.25926002537381E-11
0x4fa1,822,16:34:45.888542,1,4.51851851490659E-08
0x4fa1,1254,16:34:45.890569,1,2.34606482019117E-08
0x4fa1,982,16:34:45.895529,1,5.74074073833586E-08
0x4fa1,216,16:34:45.896222,1,8.02083333084624E-09
0x4fa1,404,16:34:45.953475,1,6.62650462945891E-07
0x4fa1,404,16:34:45.953490,1,1.73611125475759E-10
0x4fa1,112,16:34:45.954434,1,1.09259259417627E-08
0x4fa1,92,16:34:45.954440,1,6.94444501903035E-11
0x4fa1,918,16:34:45.957557,1,3.60763888762605E-08
0x4fa1,1302,16:34:45.957570,1,1.50462975412324E-10
0x4fa1,248,16:34:45.958733,1,1.34606481516641E-08
0x4fa1,452,16:34:45.958760,1,3.12500025856366E-10
0x4fa1,116,16:34:46.005492,1,5.40879629529201E-07
0x4fa1,324,16:34:46.005507,1,1.73611125475759E-10
0x4fa1,636,16:34:46.010426,1,5.69328704180805E-08
0x4fa1,886,16:34:46.010443,1,1.96759275539193E-10
0x4fa1,26,16:34:46.015307,1,5.6296296291336E-08
0x4fa1,764,16:34:46.019309,1,4.63194443911519E-08
0x4fa1,950,16:34:46.020562,1,1.45023147934964E-08
0x4fa1,1046,16:34:46.021364,1,9.28240739828112E-09
0x4fa1,3077,16:34:46.025637,1,4.94560185027027E-08
0x4fa1,764,16:34:46.027802,1,2.50578704452664E-08
0x4fa1,1350,16:34:46.034489,1,7.73958332977998E-08
0x4fa1,26,16:34:46.041872,1,8.54513889647635E-08
0x4fa1,2592,16:34:46.052599,1,1.24155092540157E-07
0x4fa1,2688,16:34:46.054359,1,2.03703703904878E-08
0x4fa1,2307,16:34:46.056348,1,2.30208332396842E-08
0x4fa1,1254,16:34:46.061934,1,6.46527777981021E-08
0x4fa1,732,16:34:46.064739,1,3.24652777994316E-08
0x4fa1,1398,16:34:46.802514,1,8.53906250009029E-06
0x4fa1,240,16:34:46.803570,1,1.22222221232704E-08
0x4fa1,1302,16:34:46.810586,1,8.12037037611901E-08
0x4fa1,1110,16:34:46.812964,1,2.75231480939553E-08
0x4fa1,1494,16:34:46.813935,1,1.1238425967619E-08
0x4fa1,1494,16:34:46.815199,1,1.46296296188453E-08
0x4fa1,1494,16:34:46.816414,1,1.40625000533134E-08
0x4fa1,636,16:34:46.817431,1,1.17708333080557E-08
0x4fa1,1302,16:34:46.819933,1,2.89583332868659E-08
0x4fa1,708,16:34:46.827509,1,8.76851852238403E-08
0x4fa1,216,16:34:46.828579,1,1.23842592847367E-08
0x4fa1,1494,16:34:46.837198,1,9.97569443716984E-08
0x4fa1,172,16:34:46.838571,1,1.58912036862802E-08
0x4fa1,886,16:34:46.841710,1,3.63310185269583E-08
0x4fa1,1206,16:34:46.863534,1,2.52592592620005E-07
0x4fa1,300,16:34:46.864811,1,1.47800925942576E-08
0x4fa1,790,16:34:46.870520,1,6.6076388915981E-08
0x4fa1,2880,16:34:46.885630,1,1.74884259185326E-07
0x4fa1,268,16:34:46.887722,1,2.42129629679511E-08
0x4fa1,1302,16:34:46.902577,1,1.71932870385305E-07
0x4fa1,1206,16:34:46.912659,1,1.16689814921855E-07
0x4fa1,1158,16:34:46.927459,1,1.71296296258561E-07
0x4fa1,588,16:34:46.928475,1,1.1759259233024E-08
0x4fa1,790,16:34:46.939259,1,1.24814814816965E-07
0x4fa1,790,16:34:46.942848,1,4.15393518471419E-08
0x4fa1,26,16:34:47.064495,1,1.40795138892091E-06
0x4fa1,26,16:34:47.072502,1,9.26736111184212E-08
0x4fa1,26,16:34:47.081582,1,1.05092592517231E-07
0x4fa1,26,16:34:47.099726,1,2.10000000055999E-07
0x4fa1,224,16:34:47.256786,1,1.81782407404629E-06
0x4fa1,256,16:34:47.256805,1,2.19907425602628E-10
0x4fa1,26,16:34:47.316541,1,6.91388888918176E-07
0x4fa1,26,16:34:47.325647,1,1.05393518468055E-07
0x4fa1,26,16:34:47.334425,1,1.01597222190719E-07
0x4fa1,26,16:34:47.343517,1,1.05231481528634E-07
0x4fa1,26,16:34:47.352453,1,1.03425925934708E-07
0x4fa1,26,16:34:47.362508,1,1.16377314784977E-07
0x4fa1,2139,16:34:47.372122,1,1.11273148140079E-07
0x4fa1,790,16:34:47.373840,1,1.98842592391557E-08
0x4fa1,854,16:34:47.380351,1,7.53587963142621E-08
0x4fa1,1350,16:34:47.380367,1,1.85185200507476E-10
0x4fa1,324,16:34:47.382229,1,2.15509259327007E-08
0x4fa1,436,16:34:47.382242,1,1.50462975412324E-10
0x4fa1,2067,16:34:47.406514,1,2.8092592596618E-07
0x4fa1,886,16:34:47.407867,1,1.56597221856458E-08
0x4fa1,26,16:34:47.416495,1,9.98611110469838E-08
0x4fa1,26,16:34:47.445809,1,3.39282407391117E-07
0x4fa1,26,16:34:47.539226,1,1.08121527786498E-06
0x4fa1,1707,16:34:47.552535,1,1.5403935182956E-07
0x4fa1,2307,16:34:47.554114,1,1.82754629207693E-08
0x4fa1,2307,16:34:47.556943,1,3.27430556001929E-08
0x4fa1,1398,16:34:47.558795,1,2.14351851823835E-08
0x4fa1,588,16:34:47.561294,1,2.89236110617708E-08
0x4fa1,1446,16:34:47.562490,1,1.38425926277108E-08
0x4fa1,1851,16:34:47.633636,1,8.23449074038862E-07
0x4fa1,452,16:34:47.634815,1,1.36458333521716E-08
0x4fa1,1851,16:34:47.641546,1,7.79050925991953E-08
0x4fa1,1851,16:34:47.642650,1,1.27777778358151E-08
0x4fa1,1923,16:34:47.649563,1,8.00115740329233E-08
0x4fa1,1587,16:34:47.650873,1,1.51620370703043E-08
0x4fa1,1923,16:34:47.652006,1,1.31134259007126E-08
0x4fa1,1923,16:34:47.653059,1,1.21875000091976E-08
0x4fa1,950,16:34:47.657552,1,5.20023147876358E-08
0x4fa1,1923,16:34:47.659517,1,2.27430555499453E-08
0x4fa1,532,16:34:47.660694,1,1.36226852021082E-08
0x4fa1,1046,16:34:47.682652,1,2.54143518563232E-07
0x4fa1,404,16:34:47.684538,1,2.18287037334619E-08
0x4fa1,1779,16:34:47.685496,1,1.10879628811844E-08
0x4fa1,1398,16:34:47.700528,1,1.73981481554897E-07
0x4fa1,2139,16:34:47.701608,1,1.24999999240316E-08
0x4fa1,2139,16:34:47.702851,1,1.43865741542015E-08
0x4fa1,1995,16:34:47.703991,1,1.31944444259346E-08
0x4fa1,268,16:34:47.705071,1,1.24999999240316E-08
0x4fa1,1494,16:34:47.707611,1,2.93981481380712E-08
0x4fa1,1923,16:34:47.708639,1,1.18981481334046E-08
0x4fa1,1206,16:34:47.709761,1,1.2986111186386E-08
0x4fa1,886,16:34:47.710727,1,1.11805554814381E-08
0x4fa1,300,16:34:47.711674,1,1.09606481668578E-08
0x4fa1,2067,16:34:47.725547,1,1.6056712970336E-07
0x4fa1,452,16:34:47.726695,1,1.32870369151661E-08
0x4fa1,300,16:34:47.727552,1,9.91898152502557E-09
0x4fa1,2067,16:34:47.734567,1,8.11921296861584E-08
0x4fa1,532,16:34:47.735944,1,1.5937499986407E-08
0x4fa1,216,16:34:47.761159,1,2.91840277832911E-07
0x4fa1,26,16:34:47.871422,1,1.27619212952901E-06
0x4fa1,26,16:34:47.880566,1,1.05833333319261E-07
0x4fa1,26,16:34:47.889404,1,1.02291666692622E-07
0x4fa1,26,16:34:47.897245,1,9.07523148852007E-08
0x4fa1,26,16:34:47.905718,1,9.80671296391122E-08
0x4fa1,316,16:34:48.066331,1,1.85894675919229E-06
0x4fa1,468,16:34:48.066347,1,1.85185200507476E-10
0x4fa1,316,16:34:48.074600,1,9.5520833354179E-08
0x4fa1,468,16:34:48.074614,1,1.62036939421739E-10
0x4fa1,26,16:34:48.124601,1,5.7855324087086E-07
0x4fa1,26,16:34:48.149536,1,2.88599536935052E-07
0x4fa1,3077,16:34:48.156505,1,8.06597222346994E-08
0x4fa1,1542,16:34:48.162470,1,6.9039351902056E-08
0x4fa1,3197,16:34:48.163539,1,1.2372685209705E-08
0x4fa1,26,16:34:48.206531,1,4.97592592574314E-07
0x4fa1,2880,16:34:48.215632,1,1.05335648092897E-07
0x4fa1,708,16:34:48.217021,1,1.60763888867876E-08
0x4fa1,1254,16:34:48.217029,1,9.25926002537381E-11
0x4fa1,1158,16:34:48.218145,1,1.29166667361957E-08
0x4fa1,1494,16:34:48.218151,1,6.94444501903035E-11
0x4fa1,1158,16:34:48.219517,1,1.58101851610581E-08
0x4fa1,1494,16:34:48.219527,1,1.15740750317173E-10
0x4fa1,47,16:34:48.220849,1,1.53009258596626E-08
0x4fa1,1398,16:34:48.229211,1,9.67824074216139E-08
0x4fa1,1398,16:34:48.230592,1,1.59837962865339E-08
0x4fa1,128,16:34:48.232466,1,2.16898148330813E-08
0x4fa1,26,16:34:48.234409,1,2.24884258992475E-08
0x4fa1,1206,16:34:48.243552,1,1.05821759244229E-07
0x4fa1,1302,16:34:48.252486,1,1.03402777784645E-07
0x4fa1,732,16:34:48.253572,1,1.25694444852442E-08
0x4fa1,120,16:34:48.265929,1,1.43020833398566E-07
0x4fa1,660,16:34:48.267576,1,1.90624999119038E-08
0x4fa1,248,16:34:48.268486,1,1.05324075017066E-08
0x4fa1,364,16:34:48.269299,1,9.40972211260771E-09
0x4fa1,854,16:34:48.270458,1,1.34143518515373E-08
0x4fa1,420,16:34:48.271532,1,1.24305555848636E-08
0x4fa1,316,16:34:48.272514,1,1.13657406819456E-08
0x4fa1,420,16:34:48.274798,1,2.64351852630185E-08
0x4fa1,1350,16:34:48.275808,1,1.16898147828337E-08
0x4fa1,1398,16:34:48.276739,1,1.07754629663503E-08
0x4fa1,636,16:34:48.277779,1,1.20370370337852E-08
0x4fa1,532,16:34:48.278449,1,7.75462960511675E-09
0x4fa1,1494,16:34:48.279449,1,1.15740741435388E-08
0x4fa1,1494,16:34:48.280536,1,1.25810184492536E-08
0x4fa1,452,16:34:48.281600,1,1.23148149455687E-08
0x4fa1,708,16:34:48.292309,1,1.23946759189586E-07
0x4fa1,1110,16:34:48.294481,1,2.51388888594661E-08
0x4fa1,636,16:34:48.295581,1,1.27314815356883E-08
0x4fa1,1923,16:34:48.318434,1,2.64502314828441E-07
0x4fa1,324,16:34:48.319774,1,1.55092592102335E-08
0x4fa1,2067,16:34:48.327531,1,8.97800925825365E-08
0x4fa1,2067,16:34:48.328480,1,1.09837963169213E-08
0x4fa1,2400,16:34:48.329638,1,1.34027777765056E-08
0x4fa1,1494,16:34:48.330872,1,1.42824073678938E-08
0x4fa1,1707,16:34:48.331904,1,1.19444444335315E-08
0x4fa1,156,16:34:48.333026,1,1.2986111186386E-08
0x4fa1,2139,16:34:48.375573,1,4.92442129518267E-07
0x4fa1,822,16:34:48.376852,1,1.48032408553433E-08
0x4fa1,240,16:34:48.377743,1,1.03124999650817E-08
0x4fa1,2688,16:34:48.384441,1,7.75231481231486E-08
0x4fa1,1014,16:34:48.411464,1,3.12766203713899E-07
0x4fa1,1779,16:34:48.426510,1,1.74143518494319E-07
0x4fa1,240,16:34:48.427650,1,1.31944444259346E-08
0x4fa1,764,16:34:48.436525,1,1.02719907468796E-07
0x4fa1,1078,16:34:48.446487,1,1.15300925918049E-07
0x4fa1,128,16:34:48.447556,1,1.2372685209705E-08
0x4fa1,1078,16:34:48.455188,1,8.83333333145941E-08
0x4fa1,2400,16:34:48.473170,1,2.08125000011883E-07
0x4fa1,636,16:34:48.474870,1,1.96759258885848E-08
0x4fa1,26,16:34:48.564606,1,1.03861111111492E-06
0x4fa1,26,16:34:48.572546,1,9.18981482023185E-08
0x4fa1,26,16:34:48.580615,1,9.33912036593654E-08
0x4fa1,26,16:34:48.809591,1,2.65018518519344E-06
0x4fa1,152,16:34:48.820588,1,1.27280092576676E-07
0x4fa1,308,16:34:48.820604,1,1.85185200507476E-10
0x4fa1,26,16:34:48.821601,1,1.15393519184437E-08
0x4fa1,26,16:34:48.829529,1,9.17592591909155E-08
0x4fa1,26,16:34:48.837539,1,9.27083333435164E-08
0x4fa1,324,16:34:48.857389,1,2.29745370283752E-07
0x4fa1,548,16:34:48.857405,1,1.85185311529779E-10
0x4fa1,26,16:34:48.872494,1,1.74641203720682E-07
0x4fa1,26,16:34:48.881427,1,1.03391203598591E-07
0x4fa1,26,16:34:48.888537,1,8.22916667031492E-08
0x4fa1,26,16:34:48.889493,1,1.10648148421433E-08
0x4fa1,1494,16:34:48.897544,1,9.31828703087945E-08
0x4fa1,1398,16:34:48.898658,1,1.28935185861323E-08
0x4fa1,1206,16:34:48.899795,1,1.31597222008395E-08
0x4fa1,316,16:34:48.900727,1,1.07870370413821E-08
0x4fa1,26,16:34:48.929496,1,3.3297453694292E-07
0x4fa1,316,16:34:48.938576,1,1.05092592628253E-07
0x4fa1,324,16:34:48.939592,1,1.17592593440463E-08
0x4fa1,324,16:34:48.940476,1,1.02314814398596E-08
0x4fa1,324,16:34:48.941540,1,1.23148148345464E-08
0x4fa1,324,16:34:48.942491,1,1.10069444669847E-08
0x4fa1,324,16:34:48.943482,1,1.14699073572311E-08
0x4fa1,950,16:34:48.944353,1,1.00810185754696E-08
0x4fa1,136,16:34:48.945571,1,1.40972221673863E-08
0x4fa1,1158,16:34:48.946489,1,1.0624999990938E-08
0x4fa1,1494,16:34:48.947444,1,1.10532407671116E-08
0x4fa1,1494,16:34:48.948479,1,1.19791666586266E-08
0x4fa1,1635,16:34:48.949700,1,1.41319443924814E-08
0x4fa1,47,16:34:48.950941,1,1.43634260041381E-08
0x4fa1,26,16:34:48.956584,1,6.53124999638877E-08
0x4fa1,886,16:34:48.975573,1,2.19780092680644E-07
0x4fa1,1254,16:34:48.976602,1,1.19097222084363E-08
0x4fa1,822,16:34:48.977690,1,1.25925925242854E-08
0x4fa1,26,16:34:48.982701,1,5.79976852099762E-08
0x4fa1,1494,16:34:48.986581,1,4.49074073483047E-08
0x4fa1,1494,16:34:48.987665,1,1.25462963351808E-08
0x4fa1,1587,16:34:48.994583,1,8.00694444080818E-08
0x4fa1,1923,16:34:48.995798,1,1.40625000533134E-08
0x4fa1,1923,16:34:48.997053,1,1.45254629435598E-08
0x4fa1,1923,16:34:48.999032,1,2.29050926003893E-08
0x4fa1,790,16:34:49.000248,1,1.40740740173229E-08
0x4fa1,26,16:34:49.008541,1,9.59837963554477E-08
0x4fa1,1494,16:34:49.012503,1,4.58564815009055E-08
0x4fa1,1110,16:34:49.013571,1,1.23611111346733E-08
0x4fa1,324,16:34:49.014555,1,1.13888888320091E-08
0x4fa1,790,16:34:49.029392,1,1.71724537034734E-07
0x4fa1,372,16:34:49.030547,1,1.33680555514104E-08
0x4fa1,404,16:34:49.038564,1,9.27893518687384E-08
0x4fa1,372,16:34:49.039420,1,9.90740744999386E-09
0x4fa1,372,16:34:49.040509,1,1.26041665993171E-08
0x4fa1,404,16:34:49.041527,1,1.17824074941097E-08
0x4fa1,404,16:34:49.042445,1,1.06249998799157E-08
0x4fa1,404,16:34:49.043383,1,1.08564814915724E-08
0x4fa1,372,16:34:49.044500,1,1.29282408112275E-08
0x4fa1,324,16:34:49.045400,1,1.04166666403671E-08
0x4fa1,324,16:34:49.046555,1,1.33680555514104E-08
0x4fa1,1158,16:34:49.064598,1,2.08831018477795E-07
0x4fa1,356,16:34:49.065610,1,1.17129629328971E-08
0x4fa1,1923,16:34:49.073543,1,9.18171296770964E-08
0x4fa1,684,16:34:49.074866,1,1.53125000457166E-08
0x4fa1,1302,16:34:49.075828,1,1.11342592923336E-08
0x4fa1,886,16:34:49.076937,1,1.28356480999514E-08
0x4fa1,1494,16:34:49.077808,1,1.00810185754696E-08
0x4fa1,26,16:34:49.087411,1,1.1114583331473E-07
0x4fa1,1494,16:34:49.089475,1,2.3888888867063E-08
0x4fa1,588,16:34:49.090548,1,1.24189815098319E-08
0x4fa1,168,16:34:49.091582,1,1.19675925835949E-08
0x4fa1,340,16:34:49.097486,1,6.83333333251213E-08
0x4fa1,660,16:34:49.098679,1,1.38078704026157E-08
0x4fa1,404,16:34:49.099623,1,1.09259259417627E-08
0x4fa1,436,16:34:49.100612,1,1.14467592071676E-08
0x4fa1,1254,16:34:49.101529,1,1.06134259159063E-08
0x4fa1,284,16:34:49.102615,1,1.25694444852442E-08
0x4fa1,1110,16:34:49.103590,1,1.12847221567236E-08
0x4fa1,732,16:34:49.114520,1,1.26504629660573E-07
0x4fa1,1398,16:34:49.115480,1,1.11111111422701E-08
0x4fa1,732,16:34:49.116527,1,1.21180554479849E-08
0x4fa1,128,16:34:49.117379,1,9.86111114986699E-09
0x4fa1,732,16:34:49.118479,1,1.2731481424666E-08
0x4fa1,192,16:34:49.120560,1,2.40856482536245E-08
0x4fa1,404,16:34:49.123477,1,3.37615740919617E-08
0x4fa1,404,16:34:49.124449,1,1.12499999316285E-08
0x4fa1,1446,16:34:49.125566,1,1.29282408112275E-08
0x4fa1,2496,16:34:49.127578,1,2.32870369654137E-08
0x4fa1,128,16:34:49.128776,1,1.38657407777743E-08
0x4fa1,660,16:34:49.136586,1,9.03935185592175E-08
0x4fa1,1206,16:34:49.137583,1,1.15393518074214E-08
0x4fa1,2307,16:34:49.140567,1,3.45370370080644E-08
0x4fa1,2880,16:34:49.141778,1,1.40162036421643E-08
0x4fa1,1851,16:34:49.143009,1,1.42476852538209E-08
0x4fa1,2880,16:34:49.150537,1,8.71296296223179E-08
0x4fa1,26,16:34:49.192480,1,4.85451388865243E-07
0x4fa1,26,16:34:49.254528,1,7.18148148171061E-07
0x4fa1,26,16:34:49.262359,1,9.06365741348836E-08
0x4fa1,26,16:34:49.270564,1,9.49652777526566E-08
0x4fa1,240,16:34:51.046305,1,2.0552557870368E-05
0x4fa1,364,16:34:51.046333,1,3.24073989865781E-10
0x4fa1,74,16:34:52.322621,1,1.47718518519468E-05
0x4fa1,82,16:34:52.322636,1,1.73611014453456E-10
0x4fa1,92,16:34:52.847360,1,6.07319444445587E-06
0x4fa1,232,16:34:52.847374,1,1.62037050444042E-10
0x4fa1,26,16:34:56.081264,1,3.7429282407464E-05
0x4fa1,188,16:34:56.713505,1,7.31760416661231E-06
0x4fa1,588,16:34:56.713521,1,1.85185200507476E-10
0x4fa1,436,16:34:58.760117,1,2.36874537037357E-05
0x4fa1,2307,16:34:58.760132,1,1.73611125475759E-10
0x4fa1,26,16:34:59.687641,1,1.07350578703036E-05
0x4fa1,356,16:35:00.835821,1,1.32891203704633E-05
0x4fa1,172,16:35:00.835838,1,1.96759164516891E-10
0x4fa1,854,16:35:01.949904,1,1.28942824074718E-05
0x4fa1,26,16:35:03.527458,1,1.82587268517942E-05
0x4fa1,1635,16:35:08.421457,1,5.66435069444537E-05
0x4fa1,1542,16:35:08.421482,1,2.89351875792931E-10
0x4fa1,732,16:35:10.821594,1,2.77790740741413E-05
0x4fa1,172,16:35:10.821612,1,2.08333239548608E-10
0x4fa1,1779,16:35:10.826230,1,5.34490740555782E-08
0x4fa1,1923,16:35:10.826245,1,1.73611125475759E-10
0x4fa1,164,16:35:12.213080,1,1.60513310185628E-05
0x4fa1,2784,16:35:12.374726,1,1.87090277781188E-06
0x4fa1,548,16:36:52.384090,1,0.001157515787037
0x4fa1,1779,16:36:54.878808,1,2.88740509258867E-05
0x4fa1,404,16:36:54.878825,1,1.96759275539193E-10
0x4fa1,1014,16:36:55.618441,1,8.5603703703363E-06
0x4fa1,1014,16:36:55.618460,1,2.19907425602628E-10
0x4fa1,1707,16:36:57.825587,1,2.55454513888864E-05
0x4fa1,2784,16:36:58.945725,1,1.29645601851802E-05
0x4fa1,324,16:36:58.945740,1,1.73611125475759E-10
0x4fa1,886,16:36:58.963455,1,2.05034722200459E-07
0x4fa1,1707,16:37:00.981478,1,2.33567476851659E-05
0x4fa1,636,16:37:00.981492,1,1.62037050444042E-10
0x4fa1,172,16:37:02.104288,1,1.2995324074061E-05
0x4fa1,172,16:37:02.104303,1,1.73611125475759E-10
0x4fa1,168,16:37:02.260650,1,1.80957175921481E-06
0x4fa1,68,16:37:02.260665,1,1.73611236498061E-10
0x4fa1,516,16:37:03.107028,1,9.79586805549548E-06
0x4fa1,176,16:37:03.242490,1,1.56784722216141E-06
0x4fa1,1851,16:37:03.242508,1,2.08333461593213E-10
0x4fa1,372,16:37:04.391296,1,1.32961574073054E-05
0x4fa1,764,16:37:06.224676,1,2.12196759259431E-05
0x4fa1,588,16:37:06.224692,1,1.85185200507476E-10
0x4fa1,1014,16:37:06.566677,1,3.95815972220603E-06
0x4fa1,388,16:37:06.566705,1,3.24074100888083E-10
0x4fa1,64,16:37:12.450126,1,6.80951504630212E-05
0x4fa1,388,16:37:14.349455,1,2.19829745370381E-05
0x4fa1,92,16:37:14.349471,1,1.85185089485174E-10
0x4fa1,1398,16:37:14.460689,1,1.28724537040714E-06
0x4fa1,208,16:37:14.572282,1,1.29158564809995E-06
0x4fa1,68,16:37:14.572298,1,1.85185200507476E-10
0x4fa1,364,16:37:15.892634,1,1.52816666667555E-05
0x4fa1,612,16:37:15.892651,1,1.96759164516891E-10
0x4fa1,47,16:37:35.807864,1,0.000230500150463
0x4fa1,208,16:37:41.463737,1,6.54614930555297E-05
0x4fa1,1206,16:37:41.463751,1,1.62037050444042E-10
0x4fa1,152,16:37:42.133680,1,7.75380787032542E-06
0x4fa1,372,16:37:42.133695,1,1.73611125475759E-10
0x4fa1,216,16:37:44.973679,1,3.28701851852742E-05
0x4fa1,732,16:37:47.001078,1,2.34652662036705E-05
0x4fa1,1158,16:37:47.235070,1,2.70824074077858E-06
0x4fa1,3437,16:37:47.235088,1,2.08333239548608E-10
0x4fa1,684,16:37:50.280127,1,3.52435069445045E-05
0x4fa1,78,16:37:50.546776,1,3.08621527778108E-06
0x4fa1,172,16:37:50.546791,1,1.73611125475759E-10
0x4fa1,124,16:37:51.000647,1,5.25296296294275E-06
0x4fa1,918,16:37:51.000662,1,1.73611014453456E-10
0x4fa1,22,16:38:07.920592,1,0.000195832523148
0x4fa1,22,16:38:07.936513,1,1.84270833258893E-07
0x4fa1,436,16:38:08.055614,1,1.37848379633265E-06
0x4fa1,886,16:38:08.087490,1,3.68935185179886E-07
0x4fa1,452,16:38:08.090543,1,3.53356481852529E-08
0x4fa1,2139,16:38:08.126686,1,4.18321759232398E-07
0x4fa1,300,16:38:08.128070,1,1.60185185116291E-08
0x4fa1,26,16:38:08.158393,1,3.50960648098919E-07
0x4fa1,1398,16:38:08.167589,1,1.0643518522091E-07
0x4fa1,2139,16:38:08.174442,1,7.93171296420425E-08
0x4fa1,1923,16:38:08.175669,1,1.42013888426717E-08
0x4fa1,26,16:38:08.176646,1,1.13078704178093E-08
0x4fa1,26,16:38:08.184602,1,9.20833334028259E-08
0x4fa1,26,16:38:08.206548,1,2.54004629551829E-07
0x4fa1,1635,16:38:08.207684,1,1.31481481258078E-08
0x4fa1,1635,16:38:08.223464,1,1.82638888901465E-07
0x4fa1,188,16:38:08.230391,1,8.01736110833673E-08
0x4fa1,1635,16:38:08.231476,1,1.25578704102125E-08
0x4fa1,26,16:38:08.250643,1,2.21840277814245E-07
0x4fa1,26,16:38:08.258588,1,9.19560184664547E-08
0x4fa1,26,16:38:08.266531,1,9.19328704274136E-08
0x4fa1,26,16:38:08.267352,1,9.50231482388375E-09
0x4fa1,1707,16:38:08.268539,1,1.37384258414031E-08
0x4fa1,588,16:38:08.269602,1,1.23032407595147E-08
0x4fa1,452,16:38:08.270546,1,1.09259259417627E-08
0x4fa1,216,16:38:08.271426,1,1.01851851397328E-08
0x4fa1,216,16:38:08.281587,1,1.17604166738339E-07
0x4fa1,1398,16:38:08.283543,1,2.26388888746598E-08
0x4fa1,1398,16:38:08.284526,1,1.13773148679996E-08
0x4fa1,268,16:38:08.286512,1,2.2986111014589E-08
0x4fa1,950,16:38:08.287591,1,1.24884259600222E-08
0x4fa1,532,16:38:08.288510,1,1.06365740659697E-08
0x4fa1,1494,16:38:08.289453,1,1.0914351866731E-08
0x4fa1,1158,16:38:08.290662,1,1.39930554921008E-08
0x4fa1,1110,16:38:08.291562,1,1.04166667513894E-08
0x4fa1,1779,16:38:08.292371,1,9.36342592350314E-09
0x4fa1,1707,16:38:08.295633,1,3.77546296448372E-08
0x4fa1,1923,16:38:08.296630,1,1.15393518074214E-08
0x4fa1,1923,16:38:08.297705,1,1.24421296598953E-08
0x4fa1,1923,16:38:08.298621,1,1.06018518408746E-08
0x4fa1,1046,16:38:08.307514,1,1.02928240708344E-07
0x4fa1,1046,16:38:08.315547,1,9.29745370692459E-08
0x4fa1,26,16:38:08.318551,1,3.47685185086988E-08
0x4fa1,1350,16:38:08.319467,1,1.06018518408746E-08
0x4fa1,950,16:38:08.320489,1,1.18287036832143E-08
0x4fa1,1350,16:38:08.327487,1,8.09953704106192E-08
0x4fa1,1350,16:38:08.333445,1,6.89583332658117E-08
0x4fa1,732,16:38:08.334485,1,1.20370370337852E-08
0x4fa1,548,16:38:08.340572,1,7.04513889449032E-08
0x4fa1,886,16:38:08.341459,1,1.02662037759771E-08
0x4fa1,1302,16:38:08.342388,1,1.07523147052646E-08
0x4fa1,240,16:38:08.343602,1,1.40509259782817E-08
0x4fa1,240,16:38:08.344572,1,1.12268518925873E-08
0x4fa1,240,16:38:08.346249,1,1.94097221628553E-08
0x4fa1,240,16:38:08.347683,1,1.65972222632149E-08
0x4fa1,404,16:38:08.348525,1,9.74537039954981E-09
0x4fa1,886,16:38:08.349382,1,9.91898141400327E-09
0x4fa1,240,16:38:08.352350,1,3.43518519185793E-08
0x4fa1,332,16:38:08.356465,1,4.76273147587136E-08
0x4fa1,364,16:38:08.357651,1,1.37268518773936E-08
0x4fa1,240,16:38:08.359630,1,2.29050926003893E-08
0x4fa1,240,16:38:08.360474,1,9.76851843859095E-09
0x4fa1,188,16:38:08.361635,1,1.34375000016007E-08
0x4fa1,240,16:38:08.368439,1,7.87499999654884E-08
0x4fa1,172,16:38:08.369515,1,1.2453703734927E-08
0x4fa1,1254,16:38:08.370475,1,1.11111111422701E-08
0x4fa1,732,16:38:08.373508,1,3.51041666846186E-08
0x4fa1,128,16:38:08.374507,1,1.15624999574848E-08
0x4fa1,136,16:38:08.375719,1,1.40277778282183E-08
0x4fa1,1254,16:38:08.382703,1,8.08333333601752E-08
0x4fa1,1206,16:38:08.383686,1,1.13773147569773E-08
0x4fa1,1350,16:38:08.384357,1,7.76620379117077E-09
0x4fa1,548,16:38:08.385653,1,1.49999999088379E-08
0x4fa1,240,16:38:08.386595,1,1.09027777916992E-08
0x4fa1,1254,16:38:08.390440,1,4.45023148332169E-08
0x4fa1,1302,16:38:08.391557,1,1.29282408112275E-08
0x4fa1,532,16:38:08.392418,1,9.96527771413014E-09
0x4fa1,1707,16:38:08.394668,1,2.60416667119401E-08
0x4fa1,1158,16:38:08.395975,1,1.51273147341868E-08
0x4fa1,500,16:38:08.397007,1,1.19444444335315E-08
0x4fa1,216,16:38:08.397628,1,7.1875000395849E-09
0x4fa1,982,16:38:08.407500,1,1.14259259276217E-07
0x4fa1,404,16:38:08.408519,1,1.17939814581192E-08
0x4fa1,1779,16:38:08.417904,1,1.0862268517986E-07
0x4fa1,1851,16:38:08.419625,1,1.99189814642509E-08
0x4fa1,790,16:38:08.421107,1,1.71527778647373E-08
0x4fa1,300,16:38:08.422361,1,1.45138887575058E-08
0x4fa1,918,16:38:08.428643,1,7.27083333540435E-08
0x4fa1,404,16:38:08.429851,1,1.39814815280914E-08
0x4fa1,188,16:38:08.430978,1,1.30439814505223E-08
0x4fa1,2139,16:38:08.437499,1,7.54745370645793E-08
0x4fa1,1923,16:38:08.439023,1,1.76388889050472E-08
0x4fa1,1923,16:38:08.440643,1,1.87499999970697E-08
0x4fa1,1923,16:38:08.442337,1,1.96064814383945E-08
0x4fa1,168,16:38:08.444564,1,2.57754629862106E-08
0x4fa1,452,16:38:08.445397,1,9.64120372426436E-09
0x4fa1,1158,16:38:08.447267,1,2.16435185329544E-08
0x4fa1,26,16:38:08.603477,1,1.80798611104649E-06
0x4fa1,26,16:38:08.611408,1,9.1793981527033E-08
0x4fa1,26,16:38:08.620512,1,1.05370370429014E-07
0x4fa1,26,16:38:08.636478,1,1.8479166663532E-07
0x4fa1,1779,16:38:08.856499,1,2.54653935183313E-06
0x4fa1,822,16:38:08.857626,1,1.30439814505223E-08
0x4fa1,468,16:38:08.897687,1,4.63668981431908E-07
0x4fa1,1014,16:38:08.900625,1,3.40046296676277E-08
0x4fa1,26,16:38:08.936568,1,4.160069444481E-07
0x4fa1,732,16:38:08.946487,1,1.14803240802708E-07
0x4fa1,2400,16:38:08.986619,1,4.6449074075916E-07
0x4fa1,452,16:38:08.998622,1,1.38923611059383E-07
0x4fa1,26,16:38:09.031542,1,3.81018518513798E-07
0x4fa1,636,16:38:09.046525,1,1.73414351878343E-07
0x4fa1,1350,16:38:09.050585,1,4.69907406319692E-08
0x4fa1,2139,16:38:09.051580,1,1.15162037683803E-08
0x4fa1,2400,16:38:09.057696,1,7.0787037120823E-08
0x4fa1,300,16:38:09.063611,1,6.84606480394479E-08
0x4fa1,324,16:38:09.064649,1,1.20138888837218E-08
0x4fa1,300,16:38:09.066547,1,2.19675926338425E-08
0x4fa1,324,16:38:09.067616,1,1.2372685209705E-08
0x4fa1,324,16:38:09.068577,1,1.11226851062796E-08
0x4fa1,790,16:38:09.072608,1,4.6655092678094E-08
0x4fa1,372,16:38:09.073582,1,1.12731480816919E-08
0x4fa1,420,16:38:09.090634,1,1.97361111120564E-07
0x4fa1,1923,16:38:09.101558,1,1.26435185210383E-07
0x4fa1,2139,16:38:09.103509,1,2.25810184995012E-08
0x4fa1,1494,16:38:09.104598,1,1.26041667103394E-08
0x4fa1,300,16:38:09.105639,1,1.20486111088169E-08
0x4fa1,2067,16:38:09.107502,1,2.15625000077324E-08
0x4fa1,732,16:38:09.110725,1,3.73032407186002E-08
0x4fa1,26,16:38:09.116539,1,6.7291666683289E-08
0x4fa1,372,16:38:09.131494,1,1.73090277777455E-07
0x4fa1,1995,16:38:09.135641,1,4.79976851597286E-08
0x4fa1,452,16:38:09.137529,1,2.18518518835253E-08
0x4fa1,1110,16:38:09.146538,1,1.04270833301001E-07
0x4fa1,2688,16:38:09.151530,1,5.77777777843735E-08
0x4fa1,1254,16:38:09.161553,1,1.16006944383962E-07
0x4fa1,1779,16:38:09.162610,1,1.22337963093244E-08
0x4fa1,240,16:38:09.163828,1,1.40972222784086E-08
0x4fa1,26,16:38:09.168607,1,5.53125000246624E-08
0x4fa1,1779,16:38:09.171507,1,3.35648148164225E-08
0x4fa1,300,16:38:09.172570,1,1.23032407595147E-08
0x4fa1,324,16:38:09.182700,1,1.17245370301333E-07
0x4fa1,240,16:38:09.191437,1,1.01122685225441E-07
0x4fa1,1851,16:38:09.196513,1,5.87499999760155E-08
0x4fa1,886,16:38:09.198109,1,1.84722221963085E-08
0x4fa1,2307,16:38:09.199065,1,1.10648148421433E-08
0x4fa1,982,16:38:09.200280,1,1.40624999422911E-08
0x4fa1,2400,16:38:09.201236,1,1.10648148421433E-08
0x4fa1,2307,16:38:09.202517,1,1.48263888943845E-08
0x4fa1,1494,16:38:09.204054,1,1.77893518804595E-08
0x4fa1,1254,16:38:09.205540,1,1.71990740538419E-08
0x4fa1,1398,16:38:09.267848,1,7.21157407457262E-07
0x4fa1,356,16:38:09.273548,1,6.59722221296732E-08
0x4fa1,26,16:38:09.275668,1,2.45370370688391E-08
0x4fa1,26,16:38:09.305920,1,3.5013888888269E-07
0x4fa1,26,16:38:09.463604,1,1.82504629631097E-06
0x4fa1,26,16:38:09.481561,1,2.0783564813609E-07
0x4fa1,26,16:38:09.498543,1,1.96550925979366E-07
0x4fa1,26,16:38:09.506543,1,9.25925925931992E-08
0x4fa1,548,16:38:09.586563,1,9.26157407321604E-07
0x4fa1,364,16:38:09.587591,1,1.18981482444269E-08
0x4fa1,248,16:38:09.588544,1,1.10300925060258E-08
0x4fa1,248,16:38:09.596454,1,9.15509259513669E-08
0x4fa1,822,16:38:09.644501,1,5.56099537085686E-07
0x4fa1,1779,16:38:09.680693,1,4.18888888908953E-07
0x4fa1,26,16:38:09.715680,1,4.04942129605956E-07
0x4fa1,26,16:38:09.724415,1,1.01099536964355E-07
0x4fa1,1014,16:38:09.726633,1,2.56712963109251E-08
0x4fa1,660,16:38:09.728109,1,1.7083333414547E-08
0x4fa1,660,16:38:09.729346,1,1.43171295929889E-08
0x4fa1,660,16:38:09.730637,1,1.49421296447017E-08
0x4fa1,660,16:38:09.731888,1,1.4479166643433E-08
0x4fa1,332,16:38:09.733094,1,1.3958333378028E-08
0x4fa1,548,16:38:09.736341,1,3.75810185193615E-08
0x4fa1,548,16:38:09.737549,1,1.39814814170691E-08
0x4fa1,216,16:38:09.738962,1,1.63541666875489E-08
0x4fa1,188,16:38:09.740058,1,1.26851852355614E-08
0x4fa1,188,16:38:09.741254,1,1.38425925166885E-08
0x4fa1,484,16:38:09.742338,1,1.25462962241585E-08
0x4fa1,216,16:38:09.743667,1,1.53819446069292E-08
0x4fa1,216,16:38:09.744810,1,1.32291665400075E-08
0x4fa1,484,16:38:09.745989,1,1.36458334631939E-08
0x4fa1,72,16:38:10.326184,1,6.71521990736057E-06
0x4fa1,388,16:38:10.326202,1,2.08333239548608E-10
0x4fa1,636,16:38:10.601614,1,3.18763888895734E-06
0x4fa1,636,16:38:10.608701,1,8.20254629774198E-08
0x4fa1,1923,16:38:10.617684,1,1.03969907350177E-07
0x4fa1,2400,16:38:10.631862,1,1.64097222254966E-07
0x4fa1,1923,16:38:10.675707,1,5.07465277799213E-07
0x4fa1,2067,16:38:10.677891,1,2.52777777598467E-08
0x4fa1,2067,16:38:10.683614,1,6.6238425966425E-08
0x4fa1,1587,16:38:10.690825,1,8.34606480593081E-08
0x4fa1,1635,16:38:10.716620,1,2.98553240796195E-07
0x4fa1,1779,16:38:10.730782,1,1.63912037054459E-07
0x4fa1,2307,16:38:10.733616,1,3.28009258643291E-08
0x4fa1,2400,16:38:10.734960,1,1.55555556213827E-08
0x4fa1,1923,16:38:10.736704,1,2.01851851899804E-08
0x4fa1,26,16:38:10.819551,1,9.58877314771733E-07
0x4fa1,26,16:38:10.827706,1,9.43865740010708E-08
0x4fa1,1494,16:38:11.102640,1,3.18210648153627E-06
0x4fa1,22,16:38:11.130802,1,3.25949074064802E-07
0x4fa1,292,16:38:11.168535,1,4.36724537089539E-07
0x4fa1,2784,16:38:11.209915,1,4.78935185177498E-07
0x4fa1,452,16:38:11.341708,1,1.52538194442275E-06
0x4fa1,1350,16:38:11.343681,1,2.2835648150199E-08
0x4fa1,1158,16:38:11.345538,1,2.14930555575421E-08
0x4fa1,1254,16:38:11.347562,1,2.34259259768166E-08
0x4fa1,1158,16:38:11.348718,1,1.33796296264421E-08
0x4fa1,436,16:38:11.349391,1,7.7893518302119E-09
0x4fa1,636,16:38:11.349395,1,4.6296300126869E-11
0x4fa1,332,16:38:11.350455,1,1.22685185344196E-08
0x4fa1,420,16:38:11.350461,1,6.94444501903035E-11
0x4fa1,1014,16:38:11.351761,1,1.50462962089648E-08
0x4fa1,1014,16:38:11.351774,1,1.50463086434627E-10
0x4fa1,332,16:38:11.353071,1,1.50115739838697E-08
0x4fa1,420,16:38:11.353079,1,9.25926002537381E-11
0x4fa1,1014,16:38:11.353917,1,9.69907409942294E-09
0x4fa1,1014,16:38:11.353922,1,5.78703751585863E-11
0x4fa1,364,16:38:11.355264,1,1.55324073602969E-08
0x4fa1,420,16:38:11.355272,1,9.25926002537381E-11
0x4fa1,332,16:38:11.356096,1,9.5370370489789E-09
0x4fa1,364,16:38:11.356102,1,6.94444501903035E-11
0x4fa1,332,16:38:11.356815,1,8.25231483148059E-09
0x4fa1,420,16:38:11.356819,1,4.6296300126869E-11
0x4fa1,1014,16:38:11.357620,1,9.27083332324941E-09
0x4fa1,1014,16:38:11.357625,1,5.78703751585863E-11
0x4fa1,332,16:38:11.358855,1,1.42361110677669E-08
0x4fa1,420,16:38:11.358861,1,6.94444501903035E-11
0x4fa1,364,16:38:11.359908,1,1.21180555590072E-08
0x4fa1,404,16:38:11.359915,1,8.10185252220208E-11
0x4fa1,950,16:38:11.365704,1,6.70023149185184E-08
0x4fa1,950,16:38:11.365719,1,1.73611014453456E-10
0x4fa1,1014,16:38:11.367741,1,2.34027778267532E-08
0x4fa1,1158,16:38:11.367775,1,3.93518440056084E-10
0x4fa1,918,16:38:11.369851,1,2.40277778784659E-08
0x4fa1,1014,16:38:11.369864,1,1.50462864390022E-10
0x4fa1,708,16:38:11.371116,1,1.4490740829487E-08
0x4fa1,708,16:38:11.371124,1,9.25924892314356E-11
0x4fa1,950,16:38:11.373119,1,2.30902779119191E-08
0x4fa1,1046,16:38:11.373125,1,6.94443391680011E-11
0x4fa1,1158,16:38:11.375331,1,2.55324074105445E-08
0x4fa1,1302,16:38:11.375361,1,3.47222250951518E-10
0x4fa1,764,16:38:11.377882,1,2.91782407124686E-08
0x4fa1,950,16:38:11.377899,1,1.96759275539193E-10
0x4fa1,26,16:38:11.383586,1,6.58217592652832E-08
0x4fa1,436,16:38:11.386557,1,3.43865740326521E-08
0x4fa1,436,16:38:11.387477,1,1.06481481410015E-08
0x4fa1,1398,16:38:11.390969,1,4.04166666800876E-08
0x4fa1,732,16:38:11.395534,1,5.28356481899195E-08
0x4fa1,886,16:38:11.396536,1,1.159722218258E-08
0x4fa1,2400,16:38:11.397696,1,1.3425925926569E-08
0x4fa1,1046,16:38:11.399187,1,1.72569445400228E-08
0x4fa1,1110,16:38:11.402961,1,4.36805555059649E-08
0x4fa1,1110,16:38:11.411623,1,1.00254629598062E-07
0x4fa1,982,16:38:11.411639,1,1.85185200507476E-10
0x4fa1,224,16:38:11.412885,1,1.44212962682744E-08
0x4fa1,256,16:38:11.412894,1,1.04166675285455E-10
0x4fa1,854,16:38:11.421626,1,1.01064814850282E-07
0x4fa1,764,16:38:11.421642,1,1.85185200507476E-10
0x4fa1,1110,16:38:11.430560,1,1.03217592584137E-07
0x4fa1,1110,16:38:11.430572,1,1.38888789358305E-10
0x4fa1,1350,16:38:11.432239,1,1.92939815235604E-08
0x4fa1,1350,16:38:11.432250,1,1.2731482534889E-10
0x4fa1,1158,16:38:11.433747,1,1.73263889902131E-08
0x4fa1,1046,16:38:11.433760,1,1.50462864390022E-10
0x4fa1,1158,16:38:11.438677,1,5.69097222680171E-08
0x4fa1,1158,16:38:11.438693,1,1.85185089485174E-10
0x4fa1,1158,16:38:11.440073,1,1.59722223225245E-08
0x4fa1,1158,16:38:11.440082,1,1.04166675285455E-10
0x4fa1,1158,16:38:11.441531,1,1.67708332776684E-08
0x4fa1,1158,16:38:11.441545,1,1.62037050444042E-10
0x4fa1,732,16:38:11.443144,1,1.85069444214037E-08
0x4fa1,950,16:38:11.443156,1,1.38888900380607E-10
0x4fa1,1350,16:38:11.444425,1,1.46874999940039E-08
0x4fa1,1350,16:38:11.444435,1,1.15740750317173E-10
0x4fa1,822,16:38:11.450631,1,7.17129630123381E-08
0x4fa1,822,16:38:11.450647,1,1.85185089485174E-10
0x4fa1,1350,16:38:11.451986,1,1.54976852462241E-08
0x4fa1,1350,16:38:11.451998,1,1.38888900380607E-10
0x4fa1,1206,16:38:11.459000,1,8.10416667107461E-08
0x4fa1,420,16:38:11.460158,1,1.34027777765056E-08
0x4fa1,468,16:38:11.468119,1,9.21412036669622E-08
0x4fa1,516,16:38:11.469149,1,1.19212962834681E-08
0x4fa1,468,16:38:11.477968,1,1.0207175926702E-07
0x4fa1,1587,16:38:11.490623,1,1.46469907313929E-07
0x4fa1,1779,16:38:11.492305,1,1.94675926490362E-08
0x4fa1,1398,16:38:11.494231,1,2.22916666237083E-08
0x4fa1,404,16:38:11.496057,1,2.11342592315589E-08
0x4fa1,26,16:38:11.647637,1,1.75439814831257E-06
0x4fa1,26,16:38:11.655596,1,9.21180554058765E-08
0x4fa1,26,16:38:11.664791,1,1.06423611256901E-07
0x4fa1,26,16:38:11.672858,1,9.33680555093019E-08
0x4fa1,26,16:38:17.217231,1,6.41709837962967E-05
0x4fa1,484,16:38:18.909152,1,1.95824189814786E-05
0x4fa1,1635,16:38:19.901738,1,1.14882638888592E-05
0x4fa1,1206,16:38:22.564067,1,3.08139930556006E-05
0x4fa1,26,16:38:23.300030,1,8.51809027768713E-06
0x4fa1,256,16:38:24.918146,1,1.87281944445949E-05
0x4fa1,332,16:38:25.460142,1,6.27310185175034E-06
0x4fa1,2592,16:38:28.931149,1,4.01736921296081E-05
0x4fa1,854,16:38:33.119030,1,4.84708449074445E-05
0x4fa1,1923,16:38:33.556237,1,5.06026620361588E-06
0x4fa1,2307,16:38:33.556257,1,2.31481500634345E-10
0x4fa1,240,16:38:35.469910,1,2.21487615741367E-05
0x4fa1,188,16:38:35.469934,1,2.77777800761214E-10
0x4fa1,516,16:38:36.177008,1,8.18372685185143E-06
0x4fa1,84,16:38:36.796350,1,7.16831018510167E-06
0x4fa1,70,16:38:36.796364,1,1.62037161466344E-10
0x4fa1,982,16:38:39.846082,1,3.5297662036915E-05
0x4fa1,790,16:38:44.303176,1,5.15867361111644E-05
0x4fa1,1254,16:38:45.388031,1,1.25561921296979E-05
0x4fa1,708,16:38:46.301267,1,1.05698611110316E-05
0x4fa1,1494,16:38:46.301286,1,2.19907425602628E-10
0x4fa1,332,16:38:47.724282,1,1.64698611111458E-05
0x4fa1,208,16:38:47.724297,1,1.73611125475759E-10
0x4fa1,468,16:38:49.038586,1,1.52116782407008E-05
0x4fa1,1587,16:39:06.274616,1,0.000199491087963
0x4fa1,26,16:39:06.286658,1,1.39374999874597E-07
0x4fa1,790,16:39:06.301628,1,1.7326388890293E-07
0x4fa1,2400,16:39:06.326582,1,2.88819444471677E-07
0x4fa1,918,16:39:06.328962,1,2.7546296355041E-08
0x4fa1,2400,16:39:06.335960,1,8.09953702995969E-08
0x4fa1,2400,16:39:06.343800,1,9.0740740810169E-08
0x4fa1,1587,16:39:06.354615,1,1.25173611031926E-07
0x4fa1,452,16:39:06.356146,1,1.77199074302692E-08
0x4fa1,2400,16:39:06.359742,1,4.16203703723639E-08
0x4fa1,1635,16:39:06.374652,1,1.72569444401027E-07
0x4fa1,1635,16:39:06.376193,1,1.78356481805864E-08
0x4fa1,1110,16:39:06.377404,1,1.40162037531866E-08
0x4fa1,886,16:39:06.378519,1,1.29050925501417E-08
0x4fa1,532,16:39:06.379578,1,1.22569444593879E-08
0x4fa1,1587,16:39:06.381367,1,2.07060185664076E-08
0x4fa1,1707,16:39:06.382604,1,1.43171295929889E-08
0x4fa1,1635,16:39:06.383914,1,1.5162036959282E-08
0x4fa1,1923,16:39:06.385248,1,1.54398148710655E-08
0x4fa1,1110,16:39:06.386793,1,1.78819444807132E-08
0x4fa1,1587,16:39:06.387840,1,1.21180555590072E-08
0x4fa1,1923,16:39:06.388951,1,1.28587962500148E-08
0x4fa1,240,16:39:06.390138,1,1.37384259524254E-08
0x4fa1,1542,16:39:06.395990,1,6.7731481423472E-08
0x4fa1,1046,16:39:06.397329,1,1.54976852462241E-08
0x4fa1,660,16:39:06.398343,1,1.17361110829606E-08
0x4fa1,1995,16:39:06.409744,1,1.31956018445401E-07
0x4fa1,1078,16:39:06.411158,1,1.63657408736029E-08
0x4fa1,636,16:39:06.412384,1,1.418981476764E-08
0x4fa1,1587,16:39:06.419692,1,8.45833333373847E-08
0x4fa1,2880,16:39:06.428614,1,1.03263888884264E-07
0x4fa1,1851,16:39:06.430122,1,1.74537037045397E-08
0x4fa1,2592,16:39:06.431464,1,1.55324074713192E-08
0x4fa1,1635,16:39:06.433025,1,1.80671295701984E-08
0x4fa1,2592,16:39:06.435987,1,3.42824073573666E-08
0x4fa1,500,16:39:06.437425,1,1.66435185633418E-08
0x4fa1,2307,16:39:06.443099,1,6.56712962898709E-08
0x4fa1,918,16:39:06.445415,1,2.68055555530111E-08
0x4fa1,1707,16:39:06.446562,1,1.32754629511567E-08
0x4fa1,918,16:39:06.452830,1,7.25462963035994E-08
0x4fa1,1707,16:39:06.454620,1,2.0717592530417E-08
0x4fa1,2139,16:39:06.463616,1,1.04120370436611E-07
0x4fa1,1254,16:39:06.469670,1,7.00694444688565E-08
0x4fa1,2139,16:39:06.471843,1,2.51504629344979E-08
0x4fa1,2307,16:39:06.476889,1,5.8402777725064E-08
0x4fa1,1398,16:39:06.484330,1,8.61226852055808E-08
0x4fa1,790,16:39:06.485763,1,1.65856481881832E-08
0x4fa1,1587,16:39:06.486956,1,1.38078704026157E-08
0x4fa1,790,16:39:06.488860,1,2.20370369730105E-08
0x4fa1,790,16:39:06.489864,1,1.16203704436657E-08
0x4fa1,708,16:39:06.490715,1,9.84953696381297E-09
0x4fa1,790,16:39:06.491796,1,1.25115741100856E-08
0x4fa1,790,16:39:06.492840,1,1.20833333339121E-08
0x4fa1,1254,16:39:06.493729,1,1.02893519260405E-08
0x4fa1,1302,16:39:06.494793,1,1.23148147235241E-08
0x4fa1,1494,16:39:06.496113,1,1.52777778206215E-08
0x4fa1,1779,16:39:06.497286,1,1.3576388790959E-08
0x4fa1,1923,16:39:06.498561,1,1.47569445552165E-08
0x4fa1,1923,16:39:06.499921,1,1.57407407108678E-08
0x4fa1,1923,16:39:06.501213,1,1.49537037197334E-08
0x4fa1,1635,16:39:06.502638,1,1.64930554769072E-08
0x4fa1,918,16:39:06.503892,1,1.45138889795504E-08
0x4fa1,732,16:39:06.505670,1,2.05787036300364E-08
0x4fa1,452,16:39:06.506572,1,1.04398147904305E-08
0x4fa1,216,16:39:06.507466,1,1.03472223011991E-08
0x4fa1,216,16:39:06.508266,1,9.25925924821769E-09
0x4fa1,1923,16:39:06.510656,1,2.76620369943359E-08
0x4fa1,1158,16:39:06.512163,1,1.7442129629508E-08
0x4fa1,2139,16:39:06.513229,1,1.23379629846099E-08
0x4fa1,2139,16:39:06.514531,1,1.50694444700505E-08
0x4fa1,1254,16:39:06.520935,1,7.41203703968907E-08
0x4fa1,2400,16:39:06.529595,1,1.00231481447999E-07
0x4fa1,452,16:39:06.531102,1,1.7442129629508E-08
0x4fa1,886,16:39:06.544596,1,1.56180555599406E-07
0x4fa1,886,16:39:06.552721,1,9.40393518611415E-08
0x4fa1,588,16:39:06.553973,1,1.44907407184647E-08
0x4fa1,26,16:39:06.688821,1,1.56074074075807E-06
0x4fa1,26,16:39:06.698332,1,1.10081018522834E-07
0x4fa1,886,16:39:06.934552,1,2.7340277777288E-06
0x4fa1,26,16:39:06.937664,1,3.60185185011019E-08
0x4fa1,26,16:39:06.945650,1,9.24305555427551E-08
0x4fa1,26,16:39:06.953742,1,9.36574073850949E-08
0x4fa1,26,16:39:06.967581,1,1.60173611152281E-07
0x4fa1,790,16:39:06.984662,1,1.97696759296484E-07
0x4fa1,588,16:39:06.985751,1,1.26041665993171E-08
0x4fa1,26,16:39:07.036787,1,5.90694444468909E-07
0x4fa1,22,16:39:07.044542,1,8.97569445434954E-08
0x4fa1,2067,16:39:07.051864,1,8.47453702768064E-08
0x4fa1,2139,16:39:07.053265,1,1.62152777871682E-08
0x4fa1,1923,16:39:07.054452,1,1.37384258414031E-08
0x4fa1,886,16:39:07.055724,1,1.47222223301213E-08
0x4fa1,26,16:39:07.093684,1,4.39351851788672E-07
0x4fa1,2139,16:39:07.094516,1,9.62962964923264E-09
0x4fa1,790,16:39:07.095981,1,1.69560184781759E-08
0x4fa1,790,16:39:07.103769,1,9.01388889085197E-08
0x4fa1,2139,16:39:07.109650,1,6.80671295993918E-08
0x4fa1,1398,16:39:07.111116,1,1.69675926642299E-08
0x4fa1,2400,16:39:07.112394,1,1.47916666692893E-08
0x4fa1,1110,16:39:07.114521,1,2.46180555940612E-08
0x4fa1,2211,16:39:07.115573,1,1.21759259341658E-08
0x4fa1,2400,16:39:07.120423,1,5.6134259240892E-08
0x4fa1,26,16:39:07.126127,1,6.60185185408224E-08
0x4fa1,2139,16:39:07.141838,1,1.81840277724277E-07
0x4fa1,790,16:39:07.143333,1,1.73032407291274E-08
0x4fa1,1587,16:39:07.144344,1,1.17013888578654E-08
0x4fa1,918,16:39:07.145507,1,1.34606481516641E-08
0x4fa1,588,16:39:07.146547,1,1.20370370337852E-08
0x4fa1,636,16:39:07.147352,1,9.31712962337627E-09
0x4fa1,468,16:39:07.148283,1,1.07754630773727E-08
0x4fa1,886,16:39:07.149237,1,1.10416665810575E-08
0x4fa1,790,16:39:07.150173,1,1.08333333415089E-08
0x4fa1,636,16:39:07.152990,1,3.26041666998123E-08
0x4fa1,468,16:39:07.153852,1,9.97685190018416E-09
0x4fa1,822,16:39:07.164464,1,1.22824074022532E-07
0x4fa1,1635,16:39:07.167707,1,3.75347222192346E-08
0x4fa1,356,16:39:07.168989,1,1.48379629694162E-08
0x4fa1,300,16:39:07.169875,1,1.02546295899231E-08
0x4fa1,790,16:39:07.174818,1,5.72106481078194E-08
0x4fa1,532,16:39:07.178687,1,4.47800926339781E-08
0x4fa1,854,16:39:07.179716,1,1.19097222084363E-08
0x4fa1,172,16:39:07.180771,1,1.2210648159261E-08
0x4fa1,790,16:39:07.182580,1,2.0937500067042E-08
0x4fa1,1779,16:39:07.198654,1,1.86041666627723E-07
0x4fa1,790,16:39:07.200639,1,2.29745370505796E-08
0x4fa1,588,16:39:07.201644,1,1.16319444076751E-08
0x4fa1,790,16:39:07.213625,1,1.38668981408685E-07
0x4fa1,1923,16:39:07.222671,1,1.04699074188197E-07
0x4fa1,1158,16:39:07.224035,1,1.57870370109947E-08
0x4fa1,1494,16:39:07.225950,1,2.21643517983594E-08
0x4fa1,1707,16:39:07.227047,1,1.26967593105931E-08
0x4fa1,500,16:39:07.233539,1,7.51388888886595E-08
0x4fa1,372,16:39:07.234549,1,1.16898147828337E-08
0x4fa1,240,16:39:07.235720,1,1.35532407519179E-08
0x4fa1,500,16:39:07.238565,1,3.29282408007003E-08
0x4fa1,192,16:39:07.240570,1,2.3206018551214E-08
0x4fa1,452,16:39:07.247582,1,8.1157407350041E-08
0x4fa1,1851,16:39:07.257958,1,1.20092592648113E-07
0x4fa1,886,16:39:07.267576,1,1.11319444329183E-07
0x4fa1,1302,16:39:07.274706,1,8.25231482037836E-08
0x4fa1,188,16:39:07.275930,1,1.41666667285989E-08
0x4fa1,1014,16:39:07.281589,1,6.54976850533728E-08
0x4fa1,240,16:39:07.282590,1,1.15856482185706E-08
0x4fa1,172,16:39:07.283704,1,1.289351847511E-08
0x4fa1,1494,16:39:07.364542,1,9.35625000031415E-07
0x4fa1,1707,16:39:07.365624,1,1.2523148074095E-08
0x4fa1,316,16:39:07.367537,1,2.21412037593183E-08
0x4fa1,26,16:39:07.368513,1,1.12962963427776E-08
0x4fa1,1110,16:39:07.408136,1,4.58599537012105E-07
0x4fa1,1923,16:39:07.413747,1,6.49421295628727E-08
0x4fa1,918,16:39:07.415290,1,1.78587963306498E-08
0x4fa1,2688,16:39:07.424620,1,1.07986111164138E-07
0x4fa1,2688,16:39:07.426607,1,2.2997685200643E-08
0x4fa1,2592,16:39:07.428515,1,2.20833332731374E-08
0x4fa1,1398,16:39:07.430419,1,2.20370369730105E-08
0x4fa1,240,16:39:07.431971,1,1.79629630059353E-08
0x4fa1,26,16:39:07.828599,1,4.59060185187266E-06
0x4fa1,26,16:39:07.837617,1,1.04374999976287E-07
0x4fa1,26,16:39:07.845625,1,9.26851853044752E-08
0x4fa1,26,16:39:07.854658,1,1.0454861099074E-07
0x4fa1,26,16:39:07.859695,1,5.82986111608008E-08
0x4fa1,1254,16:39:07.874682,1,1.7346064817847E-07
0x4fa1,404,16:39:07.888497,1,1.5989583335152E-07
0x4fa1,548,16:39:07.895808,1,8.46180555624798E-08
0x4fa1,452,16:39:07.895824,1,1.85185089485174E-10
0x4fa1,26,16:39:07.909572,1,1.59120370324395E-07
0x4fa1,1587,16:39:07.910537,1,1.1168981628451E-08
0x4fa1,324,16:39:07.911919,1,1.59953702505433E-08
0x4fa1,324,16:39:07.919860,1,9.19097222773502E-08
0x4fa1,26,16:39:07.927644,1,9.00925926083929E-08
0x4fa1,2139,16:39:07.932904,1,6.08796296708292E-08
0x4fa1,2307,16:39:07.934219,1,1.52199073344406E-08
0x4fa1,26,16:39:07.936432,1,2.56134259357665E-08
0x4fa1,26,16:39:07.937219,1,9.10879627280536E-09
0x4fa1,1779,16:39:07.954970,1,2.05451388901601E-07
0x4fa1,1158,16:39:07.956796,1,2.11342592315589E-08
0x4fa1,918,16:39:07.960604,1,4.40740741680656E-08
0x4fa1,2067,16:39:07.961893,1,1.49189813836159E-08
0x4fa1,1635,16:39:07.965797,1,4.51851851490659E-08
0x4fa1,1302,16:39:07.967215,1,1.64120370627074E-08
0x4fa1,1398,16:39:08.067692,1,1.16292824081654E-06
0x4fa1,636,16:39:08.069750,1,2.38194444168727E-08
0x4fa1,1779,16:39:08.076591,1,7.91782407416619E-08
0x4fa1,1110,16:39:08.077690,1,1.27199073496342E-08
0x4fa1,324,16:39:08.078628,1,1.08564816025947E-08
0x4fa1,168,16:39:08.079618,1,1.14583332821994E-08
0x4fa1,300,16:39:08.080669,1,1.21643518591341E-08
0x4fa1,636,16:39:08.081476,1,9.34027777343971E-09
0x4fa1,636,16:39:08.082601,1,1.30208333004589E-08
0x4fa1,404,16:39:08.083524,1,1.06828703660966E-08
0x4fa1,636,16:39:08.085694,1,2.5115740820425E-08
0x4fa1,636,16:39:08.086720,1,1.18749999833412E-08
0x4fa1,636,16:39:08.087605,1,1.02430555148914E-08
0x4fa1,636,16:39:08.093365,1,6.66666666315763E-08
0x4fa1,324,16:39:08.094494,1,1.30671296005858E-08
0x4fa1,324,16:39:08.095896,1,1.62268518622E-08
0x4fa1,636,16:39:08.106672,1,1.24722222327733E-07
0x4fa1,636,16:39:08.107648,1,1.12962962317553E-08
0x4fa1,636,16:39:08.108373,1,8.3912037318612E-09
0x4fa1,356,16:39:08.111771,1,3.93287037381285E-08
0x4fa1,404,16:39:08.126637,1,1.72060185210654E-07
0x4fa1,372,16:39:08.127475,1,9.69907398840064E-09
0x4fa1,1206,16:39:08.128586,1,1.28587962500148E-08
0x4fa1,1206,16:39:08.136686,1,9.37500000963709E-08
0x4fa1,168,16:39:08.138561,1,2.1701388908113E-08
0x4fa1,168,16:39:08.146555,1,9.25231481430089E-08
0x4fa1,1707,16:39:08.154567,1,9.27314813825575E-08
0x4fa1,732,16:39:08.155858,1,1.49421296447017E-08
0x4fa1,340,16:39:08.171567,1,1.81817129685236E-07
0x4fa1,372,16:39:08.180605,1,1.04606481476921E-07
0x4fa1,324,16:39:08.182529,1,2.22685184736449E-08
0x4fa1,468,16:39:08.191831,1,1.0766203706325E-07
0x4fa1,404,16:39:08.193490,1,1.92013889233067E-08
0x4fa1,636,16:39:08.200791,1,8.45023148121626E-08
0x4fa1,532,16:39:08.210595,1,1.1347222217406E-07
0x4fa1,436,16:39:08.527367,1,3.66634259263421E-06
0x4fa1,26,16:39:08.571600,1,5.11956018578452E-07
0x4fa1,26,16:39:08.579585,1,9.24189813567011E-08
0x4fa1,26,16:39:08.588155,1,9.91898148061665E-08
0x4fa1,26,16:39:08.589132,1,1.13078704178093E-08
0x4fa1,26,16:39:08.596988,1,9.09259258996542E-08
0x4fa1,1494,16:39:08.605615,1,9.98495370829744E-08
0x4fa1,1046,16:39:08.607198,1,1.83217592208962E-08
0x4fa1,404,16:39:08.608911,1,1.98263889750194E-08
0x4fa1,26,16:39:08.635821,1,3.11458333346337E-07
0x4fa1,1635,16:39:08.643668,1,9.08217591133464E-08
0x4fa1,1046,16:39:08.644736,1,1.23611112456956E-08
0x4fa1,1158,16:39:08.645668,1,1.07870369303598E-08
0x4fa1,588,16:39:08.647593,1,2.22800926596989E-08
0x4fa1,26,16:39:08.676627,1,3.36041666604281E-07
0x4fa1,1707,16:39:08.684447,1,9.05092593095347E-08
0x4fa1,1302,16:39:08.685842,1,1.61458333369779E-08
0x4fa1,1542,16:39:08.691624,1,6.69212962822741E-08
0x4fa1,2067,16:39:08.692644,1,1.18055555331509E-08
0x4fa1,1923,16:39:08.693730,1,1.25694444852442E-08
0x4fa1,404,16:39:08.694814,1,1.25462963351808E-08
0x4fa1,26,16:39:08.703604,1,1.017361110911E-07
0x4fa1,26,16:39:08.711612,1,9.26851851934529E-08
0x4fa1,588,16:39:08.720573,1,1.03715277699479E-07
0x4fa1,2139,16:39:08.721599,1,1.18749999833412E-08
0x4fa1,216,16:39:08.722899,1,1.50462963199871E-08
0x4fa1,26,16:39:08.729570,1,7.72106482083146E-08
0x4fa1,1923,16:39:08.734509,1,5.71643518076925E-08
0x4fa1,1046,16:39:08.735908,1,1.61921296371048E-08
0x4fa1,1779,16:39:08.741633,1,6.62615740054662E-08
0x4fa1,1923,16:39:08.742914,1,1.48263890054068E-08
0x4fa1,1923,16:39:08.744023,1,1.28356480999514E-08
0x4fa1,1923,16:39:08.745144,1,1.2974537000332E-08
0x4fa1,790,16:39:08.746135,1,1.14699074682534E-08
0x4fa1,1494,16:39:08.747019,1,1.02314814398596E-08
0x4fa1,356,16:39:08.748053,1,1.19675926946172E-08
0x4fa1,886,16:39:08.769570,1,2.4903935169629E-07
0x4fa1,1587,16:39:08.770872,1,1.50694445810728E-08
0x4fa1,1446,16:39:08.771950,1,1.24768517739682E-08
0x4fa1,1302,16:39:08.778725,1,7.84143517895686E-08
0x4fa1,1302,16:39:08.786644,1,9.16550926266524E-08
0x4fa1,1635,16:39:08.787856,1,1.40277778282183E-08
0x4fa1,1494,16:39:08.788670,1,9.42129629866173E-09
0x4fa1,1635,16:39:08.789696,1,1.18749999833412E-08
0x4fa1,332,16:39:08.790697,1,1.15856481075483E-08
0x4fa1,26,16:39:08.791650,1,1.10300926170481E-08
0x4fa1,1587,16:39:08.794505,1,3.30439814399952E-08
0x4fa1,248,16:39:08.795607,1,1.27546296857517E-08
0x4fa1,1587,16:39:08.829640,1,3.93900463024899E-07
0x4fa1,708,16:39:08.838631,1,1.0406249995043E-07
0x4fa1,1014,16:39:08.846657,1,9.28935185440238E-08
0x4fa1,886,16:39:08.847636,1,1.13310184568505E-08
0x4fa1,420,16:39:08.848536,1,1.04166666403671E-08
0x4fa1,152,16:39:08.849492,1,1.10648148421433E-08
0x4fa1,324,16:39:08.871414,1,2.53726851862091E-07
0x4fa1,324,16:39:08.872660,1,1.44212963792967E-08
0x4fa1,324,16:39:08.879565,1,7.99189814326695E-08
0x4fa1,324,16:39:08.880628,1,1.23032407595147E-08
0x4fa1,1158,16:39:08.889584,1,1.0365740732432E-07
0x4fa1,1158,16:39:08.894617,1,5.8252314860674E-08
0x4fa1,516,16:39:08.895762,1,1.32523148010932E-08
0x4fa1,1254,16:39:08.897576,1,2.09953704422006E-08
0x4fa1,612,16:39:08.898698,1,1.29861110753637E-08
0x4fa1,1206,16:39:08.901547,1,3.29745369898049E-08
0x4fa1,1494,16:39:08.918697,1,1.9849537036265E-07
0x4fa1,1494,16:39:08.920221,1,1.76388889050472E-08
0x4fa1,1014,16:39:08.921407,1,1.37268518773936E-08
0x4fa1,1206,16:39:08.927827,1,7.43055555973982E-08
0x4fa1,404,16:39:08.928787,1,1.11111110312478E-08
0x4fa1,708,16:39:08.936628,1,9.07523148852007E-08
0x4fa1,708,16:39:08.943853,1,8.36226851097521E-08
0x4fa1,612,16:39:08.944770,1,1.06134260269286E-08
0x4fa1,240,16:39:08.945636,1,1.00231480892887E-08
0x4fa1,790,16:39:08.952889,1,8.39467592106402E-08
0x4fa1,790,16:39:08.953927,1,1.20138889947441E-08
0x4fa1,268,16:39:08.955770,1,2.13310185070981E-08
0x4fa1,300,16:39:08.956619,1,9.82638881374953E-09
0x4fa1,516,16:39:08.957557,1,1.08564814915724E-08
0x4fa1,1587,16:39:08.964402,1,7.92245370417888E-08
0x4fa1,172,16:39:08.965576,1,1.3587962977013E-08
0x4fa1,1923,16:39:08.969616,1,4.67592592423571E-08
0x4fa1,420,16:39:08.970845,1,1.42245371037575E-08
0x4fa1,22,16:39:09.039710,1,7.97048611000939E-07
0x4fa1,22,16:39:09.048571,1,1.02557870418352E-07
0x4fa1,26,16:39:09.056643,1,9.34259259954828E-08
0x4fa1,26,16:39:09.064532,1,9.13078702646786E-08
0x4fa1,26,16:39:09.073649,1,1.05520833404427E-07
0x4fa1,26,16:39:09.107795,1,3.95208333392461E-07
0x4fa1,26,16:39:09.116546,1,1.01284722164863E-07
0x4fa1,26,16:39:09.125865,1,1.07858796338789E-07
0x4fa1,26,16:39:09.134536,1,1.00358796162325E-07
0x4fa1,26,16:39:09.143614,1,1.0506944447819E-07
0x4fa1,1542,16:39:09.294644,1,1.74803240748922E-06
0x4fa1,26,16:39:09.367044,1,8.3796296290739E-07
0x4fa1,1254,16:39:09.386486,1,2.25023148225922E-07
0x4fa1,1014,16:39:09.388091,1,1.8576388871594E-08
0x4fa1,684,16:39:09.389547,1,1.68518518028904E-08
0x4fa1,26,16:39:09.557555,1,1.94453703705744E-06
0x4fa1,2139,16:39:09.567974,1,1.20590277763455E-07
0x4fa1,1014,16:39:09.585819,1,2.0653935184356E-07
0x4fa1,452,16:39:09.587706,1,2.18402778084936E-08
0x4fa1,188,16:39:09.587714,1,9.25926002537381E-11
0x4fa1,2139,16:39:09.592690,1,5.75925924728438E-08
0x4fa1,1923,16:39:09.594165,1,1.70717593395153E-08
0x4fa1,1851,16:39:09.596325,1,2.49999999590855E-08
0x4fa1,404,16:39:09.597555,1,1.42361111787892E-08
0x4fa1,356,16:39:09.604532,1,8.07523147239309E-08
0x4fa1,950,16:39:09.736573,1,1.5282523149196E-06
0x4fa1,216,16:39:09.787217,1,5.8615740727852E-07
0x4fa1,548,16:39:09.826869,1,4.58935185188025E-07
0x4fa1,1398,16:39:09.843678,1,1.94548611109902E-07
0x4fa1,26,16:39:09.844673,1,1.15162037683803E-08
0x4fa1,26,16:39:09.852658,1,9.24189815787457E-08
0x4fa1,26,16:39:09.859597,1,8.03124999837479E-08
0x4fa1,26,16:39:09.860581,1,1.13888888320091E-08
0x4fa1,216,16:39:09.866673,1,7.05092592090395E-08
0x4fa1,1494,16:39:09.883600,1,1.95914351963644E-07
0x4fa1,636,16:39:09.893326,1,1.12569444321586E-07
0x4fa1,636,16:39:09.907470,1,1.63703703703888E-07
0x4fa1,1635,16:39:09.943671,1,4.18993055584238E-07
0x4fa1,1707,16:39:09.944950,1,1.4803240744321E-08
0x4fa1,1206,16:39:09.946081,1,1.30902778616715E-08
0x4fa1,1014,16:39:09.947123,1,1.20601850728264E-08
0x4fa1,1635,16:39:09.952037,1,5.68750000429219E-08
0x4fa1,1206,16:39:09.954776,1,3.17013888473383E-08
0x4fa1,26,16:39:09.965339,1,1.22256944568022E-07
0x4fa1,1350,16:39:09.983528,1,2.10520833210381E-07
0x4fa1,548,16:39:09.984625,1,1.26967593105931E-08
0x4fa1,732,16:39:09.985731,1,1.28009259858786E-08
0x4fa1,1494,16:39:09.994594,1,1.02581018457393E-07
0x4fa1,1587,16:39:10.009562,1,1.73240740752867E-07
0x4fa1,468,16:39:10.010983,1,1.64467592878026E-08
0x4fa1,300,16:39:10.011806,1,9.52546297394719E-09
0x4fa1,468,16:39:10.018583,1,7.8437499939632E-08
0x4fa1,1494,16:39:10.019568,1,1.14004630180631E-08
0x4fa1,1350,16:39:10.021009,1,1.66782406774146E-08
0x4fa1,1350,16:39:10.034562,1,1.56863425915255E-07
0x4fa1,1494,16:39:10.035718,1,1.33796296264421E-08
0x4fa1,1494,16:39:10.036944,1,1.41898148786623E-08
0x4fa1,436,16:39:10.038051,1,1.2812499949888E-08
0x4fa1,708,16:39:10.055754,1,2.04895833411101E-07
0x4fa1,1398,16:39:10.059867,1,4.76041666086502E-08
0x4fa1,1110,16:39:10.061220,1,1.56597222966681E-08
0x4fa1,1494,16:39:10.062190,1,1.1226851781565E-08
0x4fa1,1110,16:39:10.063284,1,1.2662037085498E-08
0x4fa1,26,16:39:10.064241,1,1.10763888061527E-08
0x4fa1,790,16:39:10.081662,1,2.01631944474201E-07
0x4fa1,708,16:39:10.082782,1,1.29629629253003E-08
0x4fa1,1398,16:39:10.083717,1,1.08217592664772E-08
0x4fa1,268,16:39:10.084693,1,1.12962963427776E-08
0x4fa1,1206,16:39:10.088549,1,4.46296296585658E-08
0x4fa1,532,16:39:10.089663,1,1.289351847511E-08
0x4fa1,822,16:39:10.101577,1,1.37893518492582E-07
0x4fa1,732,16:39:10.124474,1,2.65011574018814E-07
0x4fa1,216,16:39:10.127519,1,3.52430556960215E-08
0x4fa1,216,16:39:10.128536,1,1.17708331970334E-08
0x4fa1,216,16:39:10.129605,1,1.23726853207273E-08
0x4fa1,1158,16:39:10.132559,1,3.41898147571129E-08
0x4fa1,188,16:39:10.133569,1,1.16898147828337E-08
0x4fa1,452,16:39:10.149392,1,1.83136574127829E-07
0x4fa1,588,16:39:10.163562,1,1.64004629654713E-07
0x4fa1,1707,16:39:10.172672,1,1.05439814768182E-07
0x4fa1,1302,16:39:10.175817,1,3.64004629771486E-08
0x4fa1,1046,16:39:10.176835,1,1.17824073830874E-08
0x4fa1,404,16:39:10.190506,1,1.58229166657975E-07
0x4fa1,324,16:39:10.191699,1,1.38078704026157E-08
0x4fa1,324,16:39:10.192628,1,1.07523148162869E-08
0x4fa1,468,16:39:10.200607,1,9.23495370175331E-08
0x4fa1,822,16:39:10.214702,1,1.63136574027334E-07
0x4fa1,822,16:39:10.215748,1,1.21064815949978E-08
0x4fa1,404,16:39:10.221573,1,6.74189813976156E-08
0x4fa1,26,16:39:10.311815,1,1.04446759263688E-06
0x4fa1,26,16:39:10.320730,1,1.03182870359042E-07
0x4fa1,26,16:39:10.329873,1,1.05821759244229E-07
0x4fa1,26,16:39:10.339184,1,1.07766203627513E-07
0x4fa1,26,16:39:10.347374,1,9.47916667382032E-08
0x4fa1,26,16:39:10.380613,1,3.84710648115849E-07
0x4fa1,26,16:39:10.389743,1,1.05671296379839E-07
0x4fa1,26,16:39:10.397577,1,9.06712962489564E-08
0x4fa1,26,16:39:10.407667,1,1.16782407411087E-07
0x4fa1,1494,16:39:10.567590,1,1.85096064808654E-06
0x4fa1,420,16:39:10.640296,1,8.41504629645051E-07
0x4fa1,26,16:39:10.667524,1,3.15138888873356E-07
0x4fa1,950,16:39:10.686678,1,2.21689814838832E-07
0x4fa1,1110,16:39:10.687777,1,1.27199074606565E-08
0x4fa1,886,16:39:10.688881,1,1.27777777247928E-08
0x4fa1,26,16:39:10.707463,1,2.15069444475802E-07
0x4fa1,240,16:39:10.730649,1,2.68356481480936E-07
0x4fa1,468,16:39:10.731490,1,9.7337963245181E-09
0x4fa1,708,16:39:10.732502,1,1.17129629328971E-08
0x4fa1,790,16:39:10.733409,1,1.04976851655891E-08
0x4fa1,1707,16:39:10.734608,1,1.3877314852806E-08
0x4fa1,532,16:39:10.736037,1,1.65393518880563E-08
0x4fa1,26,16:39:10.773574,1,4.34456018494345E-07
0x4fa1,1046,16:39:10.777698,1,4.77314814339991E-08
0x4fa1,886,16:39:10.779548,1,2.14120370323201E-08
0x4fa1,1046,16:39:10.781373,1,2.11226851565272E-08
0x4fa1,886,16:39:10.788655,1,8.428240738656E-08
0x4fa1,140,16:39:10.789546,1,1.0312500076104E-08
0x4fa1,1494,16:39:10.791375,1,2.1168981456654E-08
0x4fa1,26,16:39:10.799543,1,9.45370370875054E-08
0x4fa1,1707,16:39:10.813616,1,1.62881944376636E-07
0x4fa1,1254,16:39:10.815626,1,2.32638889263725E-08
0x4fa1,548,16:39:10.825635,1,1.1584490744454E-07
0x4fa1,2688,16:39:10.835782,1,1.17442129576872E-07
0x4fa1,2688,16:39:10.839750,1,4.59259259510958E-08
0x4fa1,1851,16:39:10.841015,1,1.4641203693877E-08
0x4fa1,26,16:39:10.853106,1,1.39942129662174E-07
0x4fa1,2400,16:39:10.859346,1,7.22222222027114E-08
0x4fa1,532,16:39:10.861171,1,2.11226851565272E-08
0x4fa1,2307,16:39:10.872182,1,1.2744212962712E-07
0x4fa1,1923,16:39:10.874140,1,2.26620370247232E-08
0x4fa1,468,16:39:11.338934,1,5.37956018520358E-06
0x4fa1,26,16:39:11.375715,1,4.25706018547523E-07
0x4fa1,26,16:39:11.383647,1,9.18055556020647E-08
0x4fa1,26,16:39:11.392543,1,1.02962962933439E-07
0x4fa1,26,16:39:11.408646,1,1.86377314803643E-07
0x4fa1,1014,16:39:11.429323,1,2.39317129557826E-07
0x4fa1,886,16:39:11.430773,1,1.67824074637224E-08
0x4fa1,1158,16:39:11.432088,1,1.52199074454629E-08
0x4fa1,26,16:39:11.519065,1,1.00667824065592E-06
0x4fa1,1158,16:39:11.528413,1,1.08194444514709E-07
0x4fa1,216,16:39:12.515386,1,1.14232986110352E-05
0x4fa1,1542,16:39:12.515406,1,2.31481500634345E-10
0x4fa1,500,16:39:12.572638,1,6.62407407370225E-07
0x4fa1,172,16:39:12.572663,1,2.89351875792931E-10
0x4fa1,26,16:39:13.578664,1,1.16435300926421E-05
0x4fa1,74,16:39:13.663144,1,9.77777777744215E-07
0x4fa1,52,16:39:14.351124,1,7.9627314815145E-06
0x4fa1,300,16:39:14.351139,1,1.73611125475759E-10
0x4fa1,2592,16:39:14.577899,1,2.62453703703258E-06
0x4fa1,176,16:39:14.579737,1,2.12731481319395E-08
0x4fa1,26,16:39:14.613648,1,3.92488425871029E-07
0x4fa1,1158,16:39:14.621579,1,9.1793981527033E-08
0x4fa1,26,16:39:14.823699,1,2.33935185189882E-06
0x4fa1,26,16:39:14.831865,1,9.45138888264196E-08
0x4fa1,26,16:39:14.840622,1,1.01354166726075E-07
0x4fa1,26,16:39:14.856595,1,1.84872685160542E-07
0x4fa1,1923,16:39:15.382626,1,6.08832175919005E-06
0x4fa1,3197,16:39:16.998809,1,1.8705821759335E-05
0x4fa1,1707,16:39:16.998844,1,4.05092626110104E-10
0x4fa1,156,16:39:17.037661,1,4.49270833313697E-07
0x4fa1,1542,16:39:17.304784,1,3.09170138890202E-06
0x4fa1,588,16:39:17.468716,1,1.89736111111394E-06
0x4fa1,1851,16:39:17.555750,1,1.00733796293273E-06
0x4fa1,1923,16:39:17.555769,1,2.19907425602628E-10
0x4fa1,172,16:39:17.693294,1,1.59172453695344E-06
0x4fa1,268,16:39:18.397655,1,8.15232638895491E-06
0x4fa1,240,16:39:18.568689,1,1.97956018521683E-06
0x4fa1,2211,16:39:20.141308,1,1.82016087961756E-05
0x4fa1,548,16:39:20.141323,1,1.73611236498061E-10
0x4fa1,340,16:39:58.783114,1,0.000447242951389
0x4fa1,1014,16:40:01.952662,1,3.66845833335017E-05
0x4fa1,2211,16:40:01.952677,1,1.73611014453456E-10
0x4fa1,3077,16:40:20.604642,1,0.000215879224537
0x4fa1,2139,16:40:20.604658,1,1.85185200507476E-10
0x4fa1,886,16:40:20.703630,1,1.1455092593371E-06
0x4fa1,1779,16:40:20.710775,1,8.26967592182371E-08
0x4fa1,2496,16:40:20.732096,1,2.4677083332314E-07
0x4fa1,2880,16:40:20.781752,1,5.74722222257407E-07
0x4fa1,3077,16:40:20.830428,1,5.63379629614502E-07
0x4fa1,26,16:40:21.168718,1,3.91539351851655E-06
0x4fa1,26,16:40:21.184752,1,1.85578703626454E-07
0x4fa1,1446,16:40:21.524602,1,3.93344907412274E-06
0x4fa1,2880,16:40:21.532316,1,8.92824073561727E-08
0x4fa1,268,16:40:21.548276,1,1.84722222296152E-07
0x4fa1,588,16:40:21.660728,1,1.30152777777504E-06
0x4fa1,26,16:40:21.844042,1,2.12168981472693E-06
0x4fa1,26,16:40:21.852100,1,9.32638889450388E-08
0x4fa1,26,16:40:21.872902,1,2.4076388893679E-07
0x4fa1,2139,16:40:28.121656,1,7.23235416666412E-05
0x4fa1,636,16:40:28.121674,1,2.08333350570911E-10
0x4fa1,41,16:40:28.683226,1,6.49944444441886E-06
0x4fa1,136,16:40:28.683260,1,3.93518440056084E-10
0x4fa1,208,16:40:28.784657,1,1.17357638895754E-06
0x4fa1,47,16:40:32.018846,1,3.74327430555654E-05
0x4fa1,34,16:40:33.879142,1,2.15312037036286E-05
0x4fa1,1398,16:40:33.930070,1,5.89444444476506E-07
0x4fa1,1254,16:40:33.930087,1,1.96759275539193E-10
0x4fa1,660,16:40:35.230384,1,1.50497337962907E-05
0x4fa1,1302,16:40:35.230401,1,1.96759275539193E-10
0x4fa1,1779,16:40:35.376788,1,1.69429398144683E-06
0x4fa1,1542,16:40:36.426565,1,1.21501967592641E-05
0x4fa1,1635,16:40:36.426582,1,1.96759275539193E-10
0x4fa1,1707,16:40:36.853291,1,4.93876157403594E-06
0x4fa1,2592,16:40:36.853307,1,1.85185200507476E-10
